{"nbins": 87, "errors": [0.027395862447328525, 0.006621394309964666, 0.0387776007020242], "cov": [[0.0007505332792329452, 9.599553602576488e-06, -0.000434045278053981], [9.599553602576488e-06, 4.384286260803246e-05, -0.00018659164726535509], [-0.000434045278053981, -0.00018659164726535509, 0.0015037023162056276]], "chi2": [257.9581305511047], "means": [0.9338418948752365, 0.9344387698299055, 1.5236710272460574], "names": ["beta_signal", "ttjets", "wzjets"], "corr": [[1.0, 0.05291960760951042, -0.4085724949836731], [0.05291960760951042, 1.0, -0.7267111539840698], [-0.4085724949836731, -0.7267111539840698, 1.0]]}
