{"nbins": 58, "errors": [0.03845533130726375, 0.01246328347141179, 0.08903578331094408], "cov": [[0.0014789769729447694, 6.580662770666659e-05, -0.0018225732106181276], [6.580662770666659e-05, 0.00015533507026046394, -0.0007641283026255153], [-0.0018225732106181276, -0.0007641283026255153, 0.007929295799300186]], "chi2": [54.985650810451716], "means": [1.0448567471149741, 1.0913161747509186, 1.4979323795453836], "names": ["beta_signal", "ttjets", "wzjets"], "corr": [[1.0001112222671509, 0.1373031884431839, -0.5323090553283691], [0.1373031884431839, 1.0000104904174805, -0.6886035203933716], [-0.5323090553283691, -0.6886035203933716, 1.000242829322815]]}
