{"nbins": 58, "errors": [0.028906694544984957, 0.011306369920506043, 0.051812706700096856], "cov": [[0.0008356369518164951, 1.373752191963751e-05, -0.0005857720825490001], [1.373752191963751e-05, 0.00012783517411149085, -0.0004238123823462749], [-0.0005857720825490001, -0.0004238123823462749, 0.002684799230978611]], "chi2": [100.7715654122292], "means": [1.1703043792416428, 1.0652768888126296, 1.4442005803226055], "names": ["beta_signal", "ttjets", "wzjets"], "corr": [[1.0000478029251099, 0.04203265160322189, -0.3911055326461792], [0.04203265160322189, 1.0000091791152954, -0.7234594225883484], [-0.3911055326461792, -0.7234594225883484, 1.0000903606414795]]}
