{"nbins": 58, "errors": [0.03690004530328283, 0.01129940953537638, 0.058769359991684214], "cov": [[0.0013616133433843253, 4.1929215856415124e-05, -0.0010348614144992554], [4.1929215856415124e-05, 0.00012767665584815466, -0.0004668026477852307], [-0.0010348614144992554, -0.0004668026477852307, 0.003453837673832173]], "chi2": [110.05582442987134], "means": [1.0674895190665592, 1.0982510273324737, 1.368180656340207], "names": ["beta_signal", "ttjets", "wzjets"], "corr": [[1.0, 0.10056204348802567, -0.477204293012619], [0.10056204348802567, 1.0, -0.7029535174369812], [-0.477204293012619, -0.7029535174369812, 1.0]]}
