{"nbins": 58, "errors": [0.02726235822467687, 0.010112199266682607, 0.03859523489033209], "cov": [[0.0007432361759706066, 1.4027899448407674e-05, -0.0004312724553276369], [1.4027899448407674e-05, 0.00010225657400909625, -0.00027689768239685676], [-0.0004312724553276369, -0.00027689768239685676, 0.0014895921562399076]], "chi2": [102.45507296221868], "means": [1.167062576281442, 1.0771557951170663, 1.328456663544626], "names": ["beta_signal", "ttjets", "wzjets"], "corr": [[1.0, 0.05088427662849426, -0.4098780155181885], [0.05088427662849426, 1.0, -0.7094797492027283], [-0.4098780155181885, -0.7094797492027283, 1.0]]}
