{"nbins": 29, "errors": [0.04509119503182796, 0.029520416271717743, 0.10205088144801586], "cov": [[0.0020332158693983464, 0.0006353822785628222, -0.002878798253539248], [0.0006353822785628222, 0.0008714549768554977, -0.002817351270052716], [-0.002878798253539248, -0.002817351270052716, 0.010414382404316988]], "chi2": [72.48363193211117], "means": [0.8613153573371728, 0.9297449706219488, 1.32335790802211], "names": ["beta_signal", "ttjets", "wzjets"], "corr": [[1.0, 0.47733235359191895, -0.6256086230278015], [0.47733235359191895, 1.0, -0.9351941347122192], [-0.6256086230278015, -0.9351941347122192, 1.0]]}
