{"nbins": 29, "errors": [0.0347854977341607, 0.03580092215306054, 0.08199252565541613], "cov": [[0.0012100308526132994, 0.0005445675348470481, -0.001617052159068928], [0.0005445675348470481, 0.0012817060270095013, -0.002793129394778548], [-0.001617052159068928, -0.002793129394778548, 0.006722774263354073]], "chi2": [85.6022399044383], "means": [1.1506403638445553, 1.0163114585790314, 1.5756186388218676], "names": ["beta_signal", "ttjets", "wzjets"], "corr": [[1.0, 0.43727970123291016, -0.5669588446617126], [0.43727970123291016, 1.0, -0.9515302181243896], [-0.5669588446617126, -0.9515302181243896, 1.0]]}
