{"nbins": 58, "errors": [0.0389478779988815, 0.012756318988250021, 0.08583422414669914], "cov": [[0.0015169372006157574, 7.774988822884066e-05, -0.0018096096578044236], [7.774988822884066e-05, 0.00016272367412998803, -0.0007694781420113814], [-0.0018096096578044236, -0.0007694781420113814, 0.007367514034865789]], "chi2": [76.9313895945305], "means": [1.05682917980368, 1.096186118140434, 1.4332399206232627], "names": ["beta_signal", "ttjets", "wzjets"], "corr": [[1.0, 0.1564914435148239, -0.5413032174110413], [0.1564914435148239, 1.0, -0.7027655243873596], [-0.5413032174110413, -0.7027655243873596, 1.0]]}
