{"nbins": 58, "errors": [0.028740243194078165, 0.01150315396710154, 0.04861506007970299], "cov": [[0.0008260015788547563, 1.9094933633441368e-05, -0.0005557056681652703], [1.9094933633441368e-05, 0.0001323225511908439, -0.00041202438934804766], [-0.0005557056681652703, -0.00041202438934804766, 0.0023634240665531313]], "chi2": [74.9618324782364], "means": [1.1797354319894302, 1.0715781661439268, 1.3181473743264522], "names": ["beta_signal", "ttjets", "wzjets"], "corr": [[1.0, 0.05775781720876694, -0.3977256119251251], [0.05775781720876694, 1.0, -0.7367754578590393], [-0.3977256119251251, -0.7367754578590393, 1.0]]}
