{"nbins": 58, "errors": [0.054595130836181116, 0.011731806281684298, 0.05757234279558655], "cov": [[0.002980628311019734, 5.1322668331754814e-05, -0.0018954299684680995], [5.1322668331754814e-05, 0.00013763527863096717, -0.0004512777030224098], [-0.0018954299684680995, -0.0004512777030224098, 0.003314574654972526]], "chi2": [143.48756021043627], "means": [0.9673793998114604, 0.9613833690479212, 1.1714583045756501], "names": ["beta_signal", "ttjets", "wzjets"], "corr": [[1.0, 0.08012913167476654, -0.6030313968658447], [0.08012913167476654, 1.0, -0.6681363582611084], [-0.6030313968658447, -0.6681363582611084, 1.0]]}
