{"nbins": 58, "errors": [0.04042135192890738, 0.010510642253563364, 0.0372289853864213], "cov": [[0.0016338856917605844, 2.0763375075054028e-05, -0.0008789654503056189], [2.0763375075054028e-05, 0.00011047360058239153, -0.0002453861892703139], [-0.0008789654503056189, -0.0002453861892703139, 0.0013859973529023704]], "chi2": [255.6276230211929], "means": [1.2943872838461457, 1.0786621598938124, 1.3790637521251046], "names": ["beta_signal", "ttjets", "wzjets"], "corr": [[1.0, 0.04887174814939499, -0.584089994430542], [0.04887174814939499, 1.0, -0.6271041035652161], [-0.584089994430542, -0.6271041035652161, 1.0]]}
