{"nbins": 58, "errors": [0.044010008923832666, 0.01645501618060652, 0.09774576240380628], "cov": [[0.0019371427078061461, 0.00011637158098109391, -0.0023386483649533935], [0.00011637158098109391, 0.0002707720633465823, -0.0011233552734071259], [-0.0023386483649533935, -0.0011233552734071259, 0.009556982753602233]], "chi2": [61.32364466372701], "means": [1.0782850444500833, 1.1365320381379784, 1.5079153439019044], "names": ["beta_signal", "ttjets", "wzjets"], "corr": [[1.0001351833343506, 0.16069307923316956, -0.5436451435089111], [0.16069307923316956, 1.000016689300537, -0.6984267830848694], [-0.5436451435089111, -0.6984267830848694, 1.000287652015686]]}
