{"nbins": 58, "errors": [0.03265132560897577, 0.01540383614836971, 0.05618966531417402], "cov": [[0.0010661745945411078, 2.4406909440614406e-05, -0.0007076708017998714], [2.4406909440614406e-05, 0.0002372816098040549, -0.0006363212094875338], [-0.0007076708017998714, -0.0006363212094875338, 0.0031576055521862173]], "chi2": [117.29008573469149], "means": [1.1668332671862989, 1.1390350672496563, 1.458667630412236], "names": ["beta_signal", "ttjets", "wzjets"], "corr": [[1.0000615119934082, 0.048526961356401443, -0.3857216536998749], [0.048526961356401443, 1.0000145435333252, -0.7351755499839783], [-0.3857216536998749, -0.7351755499839783, 1.0001035928726196]]}
