{"nbins": 58, "errors": [0.05562294866080066, 0.01126948906779827, 0.05589433726151374], "cov": [[0.0030939124177220664, 3.9915158438104284e-05, -0.0018897681001838974], [3.9915158438104284e-05, 0.00012700138384922472, -0.0004051353353456215], [-0.0018897681001838974, -0.0004051353353456215, 0.003124176937903843]], "chi2": [102.0545329712817], "means": [0.9196629402402163, 0.9667801321612749, 1.182487088552919], "names": ["beta_signal", "ttjets", "wzjets"], "corr": [[1.0, 0.06367656588554382, -0.6078363656997681], [0.06367656588554382, 1.0, -0.6431733965873718], [-0.6078363656997681, -0.6431733965873718, 1.0]]}
