{"nbins": 58, "errors": [0.045171592828290814, 0.010020634751352873, 0.037995141023713305], "cov": [[0.002040472798644894, 2.9035297143484984e-05, -0.0011053730692525308], [2.9035297143484984e-05, 0.00010041312082002083, -0.00022473672635130824], [-0.0011053730692525308, -0.00022473672635130824, 0.0014436307414118618]], "chi2": [111.995928322537], "means": [1.384754805359092, 1.0670739963954254, 1.3562025921027636], "names": ["beta_signal", "ttjets", "wzjets"], "corr": [[1.0, 0.06414541602134705, -0.6440438032150269], [0.06414541602134705, 1.0, -0.5902700424194336], [-0.6440438032150269, -0.5902700424194336, 1.0]]}
