{"nbins": 58, "errors": [0.03705202239896299, 0.011614021943425534, 0.0584371847174181], "cov": [[0.0013729925013546396, 2.9545391813504194e-05, -0.0009942765332378708], [2.9545391813504194e-05, 0.00013488672566674305, -0.0004478688951197087], [-0.0009942765332378708, -0.0004478688951197087, 0.0034151438663885423]], "chi2": [85.0221328963678], "means": [1.049880258549437, 1.0962172946857063, 1.7386892902153077], "names": ["beta_signal", "ttjets", "wzjets"], "corr": [[1.0001020431518555, 0.06865864247083664, -0.4592043459415436], [0.06865864247083664, 1.0000090599060059, -0.6599012613296509], [-0.4592043459415436, -0.6599012613296509, 1.0000700950622559]]}
