{"nbins": 58, "errors": [0.027970866105130776, 0.009876560123658118, 0.0320720122262661], "cov": [[0.0007824040161548603, -1.3212868430384303e-06, -0.00036746319248202224], [-1.3212868430384303e-06, 9.754711580039502e-05, -0.00019561718248028406], [-0.00036746319248202224, -0.00019561718248028406, 0.0010286380273448396]], "chi2": [131.0804344085891], "means": [1.1753503814941215, 1.070077488154773, 1.674114775230092], "names": ["beta_signal", "ttjets", "wzjets"], "corr": [[1.000044345855713, -0.004782835952937603, -0.4096205234527588], [-0.004782835952937603, 1.000006914138794, -0.6175541877746582], [-0.4096205234527588, -0.6175541877746582, 1.000023365020752]]}
