{"nbins": 58, "errors": [0.037923521303857566, 0.012584367362930227, 0.0892222853420892], "cov": [[0.0014383393975400177, 6.640549157047295e-05, -0.001809156341002687], [6.640549157047295e-05, 0.00015836788302749175, -0.0007798908351522276], [-0.001809156341002687, -0.0007798908351522276, 0.007963155749987372]], "chi2": [59.835519689762705], "means": [1.0733317846637673, 1.12464099466917, 1.3504718834552722], "names": ["beta_signal", "ttjets", "wzjets"], "corr": [[1.0001014471054077, 0.13914382457733154, -0.534680187702179], [0.13914382457733154, 1.0000100135803223, -0.6945908665657043], [-0.534680187702179, -0.6945908665657043, 1.000319004058838]]}
