{"nbins": 58, "errors": [0.028311575074886797, 0.011340421048351201, 0.05093438369241743], "cov": [[0.0008015808823605176, 1.1401272787329715e-05, -0.0005527797301716151], [1.1401272787329715e-05, 0.000128606236998194, -0.0004206499463654462], [-0.0005527797301716151, -0.0004206499463654462, 0.002594599543076985]], "chi2": [102.83118544041379], "means": [1.1858644245195182, 1.1052093004147996, 1.3152949683592974], "names": ["beta_signal", "ttjets", "wzjets"], "corr": [[1.0000444650650024, 0.035510774701833725, -0.3833337128162384], [0.035510774701833725, 1.000008463859558, -0.7282502055168152], [-0.3833337128162384, -0.7282502055168152, 1.0001111030578613]]}
