{"nbins": 58, "errors": [0.040464326010729246, 0.012640054043350002, 0.08268657351320918], "cov": [[0.0016375838170065108, 4.420738555789088e-05, -0.001699178132893121], [4.420738555789088e-05, 0.0001597727196633646, -0.0006556631676773581], [-0.001699178132893121, -0.0006556631676773581, 0.006837805668669511]], "chi2": [76.27101602924355], "means": [1.002688977641761, 1.0852374618111624, 1.9133424290032743], "names": ["beta_signal", "ttjets", "wzjets"], "corr": [[1.0001356601715088, 0.08643180876970291, -0.5078455209732056], [0.08643180876970291, 1.0000109672546387, -0.6273311376571655], [-0.5078455209732056, -0.6273311376571655, 1.0001076459884644]]}
