{"nbins": 58, "errors": [0.030325207221802097, 0.011388993405755166, 0.046129711085083125], "cov": [[0.000919666073166878, 3.3544910233214837e-06, -0.0005502754356746107], [3.3544910233214837e-06, 0.00012971036301329003, -0.00034460940507155486], [-0.0005502754356746107, -0.00034460940507155486, 0.002128055980012322]], "chi2": [103.94755990206923], "means": [1.175515398236469, 1.0711797747628662, 1.657883396280098], "names": ["beta_signal", "ttjets", "wzjets"], "corr": [[1.0000520944595337, 0.00971264485269785, -0.39336490631103516], [0.00971264485269785, 1.0000091791152954, -0.6559353470802307], [-0.39336490631103516, -0.6559353470802307, 1.0000497102737427]]}
