{"nbins": 58, "errors": [0.038685541083792074, 0.014432351925281584, 0.06822390737021422], "cov": [[0.0014967196004428366, 7.041196188409897e-05, -0.0012719684606282593], [7.041196188409897e-05, 0.00020829561474397051, -0.0007049941659675444], [-0.0012719684606282593, -0.0007049941659675444, 0.004655126432408015]], "chi2": [105.38625348535567], "means": [1.1015103841887663, 1.1084450806202946, 1.5321410998366312], "names": ["beta_signal", "ttjets", "wzjets"], "corr": [[1.0000991821289062, 0.12611323595046997, -0.48193788528442383], [0.12611323595046997, 1.0000135898590088, -0.7159980535507202], [-0.48193788528442383, -0.7159980535507202, 1.0001342296600342]]}
