{"nbins": 58, "errors": [0.029036014364697937, 0.01233930377810255, 0.03705867330041124], "cov": [[0.0008431272570306582, 1.6451188397540463e-05, -0.0004515576753171251], [1.6451188397540463e-05, 0.00015226000772092875, -0.0003134563588831944], [-0.0004515576753171251, -0.0003134563588831944, 0.001373397082557658]], "chi2": [189.77070468928227], "means": [1.2146033443196997, 1.0859298786254743, 1.560203297382317], "names": ["beta_signal", "ttjets", "wzjets"], "corr": [[1.0000439882278442, 0.045916587114334106, -0.4196491539478302], [0.045916587114334106, 1.0000104904174805, -0.6854828000068665], [-0.4196491539478302, -0.6854828000068665, 1.000037670135498]]}
