{"nbins": 29, "errors": [0.25914013242043415, 0.1905229069693449, 13.318854010179258], "cov": [[0.06715360823088015, -0.008696013167039014, 0.39877392802471867], [-0.008696013167039014, 0.03629897808004965, -2.498556335005467], [0.39877392802471867, -2.498556335005467, 177.39187214446812]], "chi2": [136.07972057319705], "means": [1.1750956723525392, 0.7548369228252211, 23.154572628146013], "names": ["beta_signal", "ttjets", "wzjets"], "corr": [[1.0, -0.17613202333450317, 0.1155380979180336], [-0.17613202333450317, 1.0, -0.9846345782279968], [0.1155380979180336, -0.9846345782279968, 1.0]]}
