{"nbins": 29, "errors": [0.12831063821613262, 0.028960757825446316, 0.9807975962833076], "cov": [[0.016463619879431273, -0.0009721154740261416, 0.008856038964221508], [-0.0009721154740261416, 0.0008387254938241501, -0.025497359275757234], [0.008856038964221508, -0.025497359275757234, 0.9619639248751142]], "chi2": [17.96373019460131], "means": [1.5248827993985552, 1.038193022231675, 2.0912928219973246], "names": ["beta_signal", "ttjets", "wzjets"], "corr": [[1.0, -0.26160454750061035, 0.0703716054558754], [-0.26160454750061035, 1.0, -0.8976476192474365], [0.0703716054558754, -0.8976476192474365, 1.0]]}
