{"nbins": 29, "errors": [0.10124625748265076, 0.02827060746691641, 0.29420458390372195], "cov": [[0.010250804654243216, -6.311712817003374e-05, -0.004072908641228833], [-6.311712817003374e-05, 0.00079922724654847, -0.008033832982015252], [-0.004072908641228833, -0.008033832982015252, 0.08655633718996217]], "chi2": [44.5751910386673], "means": [1.6178180107741853, 0.8827709865470057, 1.904204730218593], "names": ["beta_signal", "ttjets", "wzjets"], "corr": [[1.0, -0.022051244974136353, -0.13673391938209534], [-0.022051244974136353, 1.0, -0.9659134745597839], [-0.13673391938209534, -0.9659134745597839, 1.0]]}
