{"nbins": 58, "errors": [0.02676327635707798, 0.009666927838528627, 0.03214393747998012], "cov": [[0.0007162997360094827, 4.3832984753341025e-06, -0.00034581587725359694], [4.3832984753341025e-06, 9.345011485862827e-05, -0.00021033745578712812], [-0.00034581587725359694, -0.00021033745578712812, 0.001033272140509134]], "chi2": [130.37676337813764], "means": [1.215009418704172, 1.0695817582782308, 1.393389258065688], "names": ["beta_signal", "ttjets", "wzjets"], "corr": [[1.000037431716919, 0.016942335292696953, -0.40198197960853577], [0.016942335292696953, 1.0000066757202148, -0.6769071221351624], [-0.40198197960853577, -0.6769071221351624, 1.0000381469726562]]}
