{"nbins": 58, "errors": [0.03508269256769325, 0.011615480500831277, 0.06443453293633739], "cov": [[0.001230890130016315, 4.086328503403056e-05, -0.0010334621733226704], [4.086328503403056e-05, 0.00013492055537610146, -0.0005406673750761995], [-0.0010334621733226704, -0.0005406673750761995, 0.004152488961362053]], "chi2": [84.02044139508189], "means": [1.128149970886143, 1.1164137974138746, 1.3584159919782959], "names": ["beta_signal", "ttjets", "wzjets"], "corr": [[1.0000770092010498, 0.10027742385864258, -0.45717552304267883], [0.10027742385864258, 1.0000087022781372, -0.7223942875862122], [-0.45717552304267883, -0.7223942875862122, 1.0001637935638428]]}
