{"nbins": 58, "errors": [0.02626100704091794, 0.009963038912736089, 0.03605287359460685], "cov": [[0.0006896641845961771, 4.956893446577487e-06, -0.00036675329643505466], [4.956893446577487e-06, 9.926280920651175e-05, -0.00024945168309382394], [-0.00036675329643505466, -0.00024945168309382394, 0.00129986284511502]], "chi2": [140.15865819486478], "means": [1.237963329894888, 1.0933474780812094, 1.4821036035946893], "names": ["beta_signal", "ttjets", "wzjets"], "corr": [[1.0000343322753906, 0.018945513293147087, -0.3873671293258667], [0.018945513293147087, 1.0000066757202148, -0.6944719552993774], [-0.3873671293258667, -0.6944719552993774, 1.000040888786316]]}
