{"nbins": 58, "errors": [0.02857370563770556, 0.011208042857624223, 0.0466561817956026], "cov": [[0.0008164938800427933, 1.0309538167441977e-05, -0.0005087054293398434], [1.0309538167441977e-05, 0.000125621352844199, -0.00037742913582235063], [-0.0005087054293398434, -0.00037742913582235063, 0.0021770051093562334]], "chi2": [92.98434981177353], "means": [1.182094251948373, 1.0672182093143263, 1.3076961919601189], "names": ["beta_signal", "ttjets", "wzjets"], "corr": [[1.0000455379486084, 0.032191623002290726, -0.38158440589904785], [0.032191623002290726, 1.0000089406967163, -0.7217660546302795], [-0.38158440589904785, -0.7217660546302795, 1.0000945329666138]]}
