{
    "mu": {
        "3j1t": {
            "qcd_mva": 0.256896903704, 
            "met": 0.319652480076, 
            "mtw": 0.221800737672
        }, 
        "3j2t": {
            "qcd_mva": 0.103095836835, 
            "met": 0.102671125287, 
            "mtw": 0.0777717192089
        }, 
        "2j0t": {
            "qcd_mva": 10.1914404495, 
            "met": 14.6874513178, 
            "mtw": 8.46760776463
        }, 
        "2j1t": {
            "qcd_mva": 6.8766091148, 
            "met": 9.48447671263, 
            "mtw": 6.6720269212
        }
    }, 
    "ele": {
        "3j1t": {
            "qcd_mva": 0.430299581872, 
            "met": 0.435239212117, 
            "mtw": 0.153936203257
        }, 
        "3j2t": {
            "qcd_mva": 0.306415861569, 
            "met": 0.245998596181, 
            "mtw": 2.11648078839e-07
        }, 
        "2j0t": {
            "qcd_mva": 6.02326808104, 
            "met": 6.22486944012, 
            "mtw": 3.78769087229
        }, 
        "2j1t": {
            "qcd_mva": 5.63611830097, 
            "met": 5.45486347542, 
            "mtw": 3.05365275868
        }
    }
}