{"nbins": 58, "errors": [0.045892996997133007, 0.013957706830763472, 0.09458943408823295], "cov": [[0.0021065572725648945, 6.833972674577917e-05, -0.0023905738277612536], [6.833972674577917e-05, 0.0001948200902638923, -0.0009430329584628409], [-0.0023905738277612536, -0.0009430329584628409, 0.008950081903459904]], "chi2": [68.08435100571994], "means": [0.9774257189196511, 1.1024943733877017, 1.4008083267748814], "names": ["beta_signal", "ttjets", "wzjets"], "corr": [[1.000185251235962, 0.10668730735778809, -0.5506975054740906], [0.10668730735778809, 1.0000128746032715, -0.714282751083374], [-0.5506975054740906, -0.714282751083374, 1.0003265142440796]]}
