{"nbins": 58, "errors": [0.03900122889531166, 0.011026224168136256, 0.0511571311333372], "cov": [[0.0015212059767045387, 3.126838837498573e-05, -0.0011034516250059392], [3.126838837498573e-05, 0.00012157869627371644, -0.00037886831754177047], [-0.0011034516250059392, -0.00037886831754177047, 0.002617363769819528]], "chi2": [112.58264774628498], "means": [1.2609248984530956, 1.0587670251444616, 1.2837551117005175], "names": ["beta_signal", "ttjets", "wzjets"], "corr": [[1.0000723600387573, 0.0727110430598259, -0.5530556440353394], [0.0727110430598259, 1.0000088214874268, -0.6716690063476562], [-0.5530556440353394, -0.6716690063476562, 1.0001190900802612]]}
