{"nbins": 58, "errors": [0.04969688716475107, 0.013823792346200348, 0.09544122980874836], "cov": [[0.0024702471617289953, 6.192090279556343e-05, -0.0027086764162208444], [6.192090279556343e-05, 0.0001910997223045122, -0.000916533822314636], [-0.0027086764162208444, -0.000916533822314636, 0.009111988207958544]], "chi2": [102.20598595383575], "means": [1.037543299247551, 1.089054776680665, 1.4131267952045472], "names": ["beta_signal", "ttjets", "wzjets"], "corr": [[1.000188946723938, 0.09013239294290543, -0.5710733532905579], [0.09013239294290543, 1.000012993812561, -0.6946807503700256], [-0.5710733532905579, -0.6946807503700256, 1.0003249645233154]]}
