{"nbins": 58, "errors": [0.03831233959679725, 0.011583525478964685, 0.05223067162673001], "cov": [[0.0014679423031049208, 2.152337257292216e-05, -0.0010296996966748836], [2.152337257292216e-05, 0.00013417935341099475, -0.00042115853565672496], [-0.0010296996966748836, -0.00042115853565672496, 0.002728389116898325]], "chi2": [169.16757995315106], "means": [1.2399079639819837, 1.0658988330160923, 1.272841551264841], "names": ["beta_signal", "ttjets", "wzjets"], "corr": [[1.0000728368759155, 0.048498786985874176, -0.5145722031593323], [0.048498786985874176, 1.0000096559524536, -0.6961122155189514], [-0.5145722031593323, -0.6961122155189514, 1.000126838684082]]}
