"correlations_bdt_mu","correlations_bdt_ele","correlations_abs_ljet_eta_mu","correlations_abs_ljet_eta_ele","correlations_bdt_2j_1t_mu","correlations_bdt_2j_1t_ele","correlations_bdt_3j_2t_mu","correlations_bdt_3j_2t_ele"
0.05675709247589111,0.15615637600421906,0.08013075590133667,0.11474225670099258,0.504189133644104,0.45382624864578247,-0.26576629281044006,0.0977855920791626
-0.39689192175865173,-0.54112708568573,-0.5346548557281494,-0.5797041654586792,-0.6020374894142151,-0.6511229276657104,0.06382382661104202,-0.2763162851333618
-0.7363442778587341,-0.7026163339614868,-0.710864782333374,-0.7115147709846497,-0.9703912138938904,-0.8998726606369019,-0.8857354521751404,-0.9301588535308838
