{"nbins": 58, "errors": [0.03819917273265875, 0.012032856122012549, 0.08238403243572737], "cov": [[0.0014591767974594997, 6.904771190290157e-05, -0.0016999586282076574], [6.904771190290157e-05, 0.0001447896264530549, -0.0006895146829747725], [-0.0016999586282076574, -0.0006895146829747725, 0.006787128800370979]], "chi2": [84.96675490579347], "means": [0.8849504597040805, 0.9593694505597598, 1.159746064866185], "names": ["beta_signal", "ttjets", "wzjets"], "corr": [[1.0, 0.1502196043729782, -0.5401835441589355], [0.1502196043729782, 1.0, -0.6955554485321045], [-0.5401835441589355, -0.6955554485321045, 1.0]]}
