{"nbins": 58, "errors": [0.02985678588681858, 0.011554947251225097, 0.04921032176159395], "cov": [[0.0008914276634913291, 1.5985222239819812e-05, -0.0005692658155651021], [1.5985222239819812e-05, 0.00013351680597859444, -0.0004147469656265971], [-0.0005692658155651021, -0.0004147469656265971, 0.002421655767879607]], "chi2": [71.7732641241661], "means": [1.1657520774089778, 1.0706601335848638, 1.305807804562189], "names": ["beta_signal", "ttjets", "wzjets"], "corr": [[1.0, 0.04633484035730362, -0.3874501585960388], [0.04633484035730362, 1.0, -0.7293887138366699], [-0.3874501585960388, -0.7293887138366699, 1.0]]}
