{"nbins": 58, "errors": [0.03719198323765727, 0.011223502513842742, 0.057439403892012963], "cov": [[0.0013833741503873067, 2.533390395902646e-05, -0.0009805436792480109], [2.533390395902646e-05, 0.00012596812911012115, -0.00041569640717837827], [-0.0009805436792480109, -0.00041569640717837827, 0.003299501338603736]], "chi2": [122.81623649084804], "means": [1.0885104348063974, 1.0727760762394585, 1.759473546496496], "names": ["beta_signal", "ttjets", "wzjets"], "corr": [[1.0000944137573242, 0.06069101020693779, -0.45899471640586853], [0.06069101020693779, 1.0000089406967163, -0.6448191404342651], [-0.45899471640586853, -0.6448191404342651, 1.000065565109253]]}
