{"nbins": 58, "errors": [0.02794662891718125, 0.009778864466258197, 0.03166057002144762], "cov": [[0.0007810463025973521, -1.6995093485288273e-06, -0.00036429241160764256], [-1.6995093485288273e-06, 9.562683420749684e-05, -0.00018855878928384823], [-0.00036429241160764256, -0.00018855878928384823, 0.0010024149832663024]], "chi2": [154.50186801580213], "means": [1.20887973942994, 1.0739824376734433, 1.662321054023514], "names": ["beta_signal", "ttjets", "wzjets"], "corr": [[1.0000412464141846, -0.006218787282705307, -0.41172000765800476], [-0.006218787282705307, 1.0000066757202148, -0.6090313196182251], [-0.41172000765800476, -0.6090313196182251, 1.0000232458114624]]}
