{"nbins": 58, "errors": [0.06325080535155458, 0.01476559478214947, 0.06561354836545379], "cov": [[0.004000664377620247, 8.021697818356521e-05, -0.002349256452492791], [8.021697818356521e-05, 0.00021802278927063968, -0.0006952255880443797], [-0.002349256452492791, -0.0006952255880443797, 0.004305137729105743]], "chi2": [118.90815466620441], "means": [1.1383107417267446, 1.0744515461123878, 1.2370160109040593], "names": ["beta_signal", "ttjets", "wzjets"], "corr": [[1.0, 0.08589132130146027, -0.5660709142684937], [0.08589132130146027, 1.0, -0.7175980806350708], [-0.5660709142684937, -0.7175980806350708, 1.0]]}
