{"nbins": 58, "errors": [0.04414677597232424, 0.012244515403922724, 0.0429769146185706], "cov": [[0.001948937828750585, 3.935273900374523e-05, -0.0010802514009044875], [3.935273900374523e-05, 0.00014992815747690087, -0.00035693297214821037], [-0.0010802514009044875, -0.00035693297214821037, 0.0018470151901319076]], "chi2": [193.31395318639866], "means": [1.2557232166823105, 1.0355894541620012, 1.3818665912312211], "names": ["beta_signal", "ttjets", "wzjets"], "corr": [[1.0, 0.07280050218105316, -0.5693647861480713], [0.07280050218105316, 1.0, -0.678281307220459], [-0.5693647861480713, -0.678281307220459, 1.0]]}
