{"nbins": 29, "errors": [0.13432896062634286, 0.06617982264472339, 2.420791473822279], "cov": [[0.018044269662953572, -0.0006832697564345397, -0.005465805356652775], [-0.0006832697564345397, 0.004379768925287042, -0.1571172455413361], [-0.005465805356652775, -0.1571172455413361, 5.860231359730642]], "chi2": [30.092939471569707], "means": [1.2732226190666707, 0.9358982641792563, 1.6336611217150987], "names": ["beta_signal", "ttjets", "wzjets"], "corr": [[1.0, -0.07685939222574234, -0.01680842973291874], [-0.07685939222574234, 1.0, -0.9807106256484985], [-0.01680842973291874, -0.9807106256484985, 1.0]]}
