{"nbins": 29, "errors": [0.1039827018971102, 0.029514458267271837, 0.8719042275764518], "cov": [[0.010812402293823286, -0.00033783738551404935, -0.006343086874590222], [-0.00033783738551404935, 0.0008711032468105308, -0.023824539806343494], [-0.006343086874590222, -0.023824539806343494, 0.7602169820656891]], "chi2": [26.379609488143643], "means": [1.5751228578754475, 1.0940101344314994, 0.47287531585171966], "names": ["beta_signal", "ttjets", "wzjets"], "corr": [[1.0, -0.11008085310459137, -0.06996338069438934], [-0.11008085310459137, 1.0, -0.9258079528808594], [-0.06996338069438934, -0.9258079528808594, 1.0]]}
