{"nbins": 58, "errors": [0.03642213117496107, 0.013291565603850142, 0.06432394243085304], "cov": [[0.0013266948863816922, 6.453349254436055e-05, -0.001090044564293968], [6.453349254436055e-05, 0.00017666798469012703, -0.0006461203651774319], [-0.001090044564293968, -0.0006461203651774319, 0.004138130021314967]], "chi2": [93.90978158030649], "means": [1.0766287882898191, 1.0598252085193596, 1.460011976316236], "names": ["beta_signal", "ttjets", "wzjets"], "corr": [[1.00009286403656, 0.1333041489124298, -0.4652712941169739], [0.1333041489124298, 1.0000128746032715, -0.7557264566421509], [-0.4652712941169739, -0.7557264566421509, 1.0001354217529297]]}
