{"nbins": 58, "errors": [0.027226628271427966, 0.011709136765042594, 0.035528117037451734], "cov": [[0.0007413181365131753, 1.5975821169511064e-05, -0.0003812294361519093], [1.5975821169511064e-05, 0.00013710527668005216, -0.00030764623688689434], [-0.0003812294361519093, -0.00030764623688689434, 0.001262301784720921]], "chi2": [168.05455478592017], "means": [1.2120809245545243, 1.0512274306840483, 1.433421813221209], "names": ["beta_signal", "ttjets", "wzjets"], "corr": [[1.0000388622283936, 0.05011231452226639, -0.39411264657974243], [0.05011231452226639, 1.0000101327896118, -0.7395278811454773], [-0.39411264657974243, -0.7395278811454773, 1.000043272972107]]}
