{"nbins": 58, "errors": [0.05664691829686287, 0.017062801451127325, 0.12714902653328145], "cov": [[0.0032088733525314573, 0.0001794029581941937, -0.004301138082644904], [0.0001794029581941937, 0.0002911391933605928, -0.0016428655485004307], [-0.004301138082644904, -0.0016428655485004307, 0.01616687494836111]], "chi2": [73.06188295162843], "means": [0.9197631721854812, 1.0947114205048702, 1.2428213856896388], "names": ["beta_signal", "ttjets", "wzjets"], "corr": [[1.0, 0.18561068177223206, -0.5971646308898926], [0.18561068177223206, 1.0, -0.7572488784790039], [-0.5971646308898926, -0.7572488784790039, 1.0]]}
