{"nbins": 58, "errors": [0.04433988790139432, 0.013163825898596158, 0.06214391894419828], "cov": [[0.0019660256591082148, 6.764846416184886e-05, -0.0015356637090565976], [6.764846416184886e-05, 0.00017328631228855096, -0.0005862701524024444], [-0.0015356637090565976, -0.0005862701524024444, 0.003861866661743086]], "chi2": [95.42415995412583], "means": [1.176667838256372, 1.0276649416494874, 1.3228413196515056], "names": ["beta_signal", "ttjets", "wzjets"], "corr": [[1.0, 0.11589940637350082, -0.5573177933692932], [0.11589940637350082, 1.0, -0.7166663408279419], [-0.5573177933692932, -0.7166663408279419, 1.0]]}
