{"nbins": 58, "errors": [0.04054577412222815, 0.01333080656307395, 0.09120498334644722], "cov": [[0.0016441667704439336, 5.869087477324049e-05, -0.001917218810716663], [5.869087477324049e-05, 0.00017771230917526762, -0.0007917647186420825], [-0.001917218810716663, -0.0007917647186420825, 0.008319444859331017]], "chi2": [59.983609138280556], "means": [1.036892232801613, 1.1451575814970996, 1.9096898221315337], "names": ["beta_signal", "ttjets", "wzjets"], "corr": [[1.0001258850097656, 0.1085846796631813, -0.5184507369995117], [0.1085846796631813, 1.0000107288360596, -0.6512101292610168], [-0.5184507369995117, -0.6512101292610168, 1.0001317262649536]]}
