{"nbins": 58, "errors": [0.030455870479539904, 0.011994431238603553, 0.052285655215200455], "cov": [[0.0009276097336892922, 8.251546935538867e-06, -0.0006283122543512963], [8.251546935538867e-06, 0.000143867735628178, -0.00042645769381274113], [-0.0006283122543512963, -0.00042645769381274113, 0.0027339376765318653]], "chi2": [93.40957119792891], "means": [1.166026202020999, 1.1072272946778239, 1.7616536448787325], "names": ["beta_signal", "ttjets", "wzjets"], "corr": [[1.0000535249710083, 0.02258835919201374, -0.3945680856704712], [0.02258835919201374, 1.0000094175338745, -0.6800075769424438], [-0.3945680856704712, -0.6800075769424438, 1.000054121017456]]}
