{"nbins": 58, "errors": [0.05799374111513145, 0.015563730944887721, 0.06558575933982524], "cov": [[0.003363851018371442, 7.165919809922206e-05, -0.0020544133149926545], [7.165919809922206e-05, 0.00024223403253144577, -0.0007395477125795881], [-0.0020544133149926545, -0.0007395477125795881, 0.004302144427191013]], "chi2": [119.94441789116763], "means": [1.2265749763102494, 1.0549601087443494, 1.4187776702426844], "names": ["beta_signal", "ttjets", "wzjets"], "corr": [[1.0001715421676636, 0.07939206808805466, -0.5401285886764526], [0.07939206808805466, 1.000017762184143, -0.7245075702667236], [-0.5401285886764526, -0.7245075702667236, 1.0001517534255981]]}
