{"nbins": 58, "errors": [0.04171851352913136, 0.01294200871597262, 0.04405911994096057], "cov": [[0.0017405693792294842, 3.5771959226330195e-05, -0.0010133427737099986], [3.5771959226330195e-05, 0.00016749785160721195, -0.0003887074379141565], [-0.0010133427737099986, -0.0003887074379141565, 0.001941333031834049]], "chi2": [164.30122109415396], "means": [1.294340325657597, 1.0142364055302435, 1.443665677709281], "names": ["beta_signal", "ttjets", "wzjets"], "corr": [[1.0000776052474976, 0.06625401973724365, -0.5513047575950623], [0.06625401973724365, 1.0000134706497192, -0.6816875338554382], [-0.5513047575950623, -0.6816875338554382, 1.0000654458999634]]}
