{"nbins": 58, "errors": [0.028596955688825254, 0.011228031171376385, 0.04684614671207643], "cov": [[0.0008178232606926295, 1.0921244570004454e-05, -0.0005128644121660406], [1.0921244570004454e-05, 0.00012606982106526182, -0.0003801698791927953], [-0.0005128644121660406, -0.0003801698791927953, 0.0021947698286151297]], "chi2": [93.00845525056889], "means": [1.1815978970311947, 1.0668772352558595, 1.3097181163922431], "names": ["beta_signal", "ttjets", "wzjets"], "corr": [[1.000045657157898, 0.0340132974088192, -0.3828325867652893], [0.0340132974088192, 1.0000090599060059, -0.7227701544761658], [-0.3828325867652893, -0.7227701544761658, 1.0000948905944824]]}
