{"nbins": 58, "errors": [0.03851401741781579, 0.012560876568987966, 0.08370842314575078], "cov": [[0.0014834906017646087, 6.583256192626141e-05, -0.0017022110918122294], [6.583256192626141e-05, 0.0001577772892759412, -0.000727524408855857], [-0.0017022110918122294, -0.000727524408855857, 0.007008788359440833]], "chi2": [76.92778047721521], "means": [1.056832835134169, 1.0962365947777841, 1.4330682226083336], "names": ["beta_signal", "ttjets", "wzjets"], "corr": [[1.0001085996627808, 0.13608241081237793, -0.5279896855354309], [0.13608241081237793, 1.00001060962677, -0.6919240951538086], [-0.5279896855354309, -0.6919240951538086, 1.0002409219741821]]}
