{"nbins": 58, "errors": [0.02857050420086593, 0.011319623723611949, 0.04754936510153418], "cov": [[0.000816311101953936, 1.357680441510424e-05, -0.000525888877683928], [1.357680441510424e-05, 0.000128135043590935, -0.00039133231201316106], [-0.000525888877683928, -0.00039133231201316106, 0.0022611597387072967]], "chi2": [74.9613674022402], "means": [1.1797444908456178, 1.0715999848135525, 1.3181097910451975], "names": ["beta_signal", "ttjets", "wzjets"], "corr": [[1.0000457763671875, 0.04198050498962402, -0.3871072828769684], [0.04198050498962402, 1.0000090599060059, -0.7270578742027283], [-0.3871072828769684, -0.7270578742027283, 1.0000962018966675]]}
