{"nbins": 58, "errors": [0.03606726101849289, 0.011936649272101363, 0.05820851832294682], "cov": [[0.001300958091596772, 3.874650371992605e-05, -0.0009699069058302703], [3.874650371992605e-05, 0.00014248482167450343, -0.00048252075097056916], [-0.0009699069058302703, -0.00048252075097056916, 0.003388597382718582]], "chi2": [92.91119790179067], "means": [1.1073814919920149, 1.1448223924567298, 1.4751548061770978], "names": ["beta_signal", "ttjets", "wzjets"], "corr": [[1.0000851154327393, 0.08999884128570557, -0.46198761463165283], [0.08999884128570557, 1.0000085830688477, -0.6944596767425537], [-0.46198761463165283, -0.6944596767425537, 1.000108003616333]]}
