{"nbins": 58, "errors": [0.027272400450300438, 0.010125979080046532, 0.03197497761961565], "cov": [[0.0007438126799183672, 2.7233546873220492e-06, -0.00035237418685405255], [2.7233546873220492e-06, 0.00010253613240000174, -0.000211735484300488], [-0.00035237418685405255, -0.000211735484300488, 0.0010224304428216905]], "chi2": [151.65360600994657], "means": [1.2153068754770326, 1.1127170345827015, 1.5111310397289], "names": ["beta_signal", "ttjets", "wzjets"], "corr": [[1.000038743019104, 0.009861518628895283, -0.40408289432525635], [0.009861518628895283, 1.0000066757202148, -0.6539527773857117], [-0.40408289432525635, -0.6539527773857117, 1.000030517578125]]}
