{"nbins": 58, "errors": [0.0366447089772961, 0.012055247388912615, 0.05817607405320824], "cov": [[0.0013429618405514862, 3.486636042931126e-05, -0.000987536075628395], [3.486636042931126e-05, 0.00014533024801747065, -0.00047189185063094947], [-0.000987536075628395, -0.00047189185063094947, 0.0033847383551795576]], "chi2": [80.25531908418765], "means": [1.0735838420959118, 1.151103754272297, 1.6241435001012765], "names": ["beta_signal", "ttjets", "wzjets"], "corr": [[1.0000946521759033, 0.07892584055662155, -0.4632306396961212], [0.07892584055662155, 1.0000087022781372, -0.6728557348251343], [-0.4632306396961212, -0.6728557348251343, 1.000083565711975]]}
