{"nbins": 58, "errors": [0.027658918376441077, 0.010207262079342305, 0.03200039111136288], "cov": [[0.0007650479373173002, 5.759483927043209e-07, -0.00036209464502133146], [5.759483927043209e-07, 0.00010418889654865553, -0.00020652986369007335], [-0.00036209464502133146, -0.00020652986369007335, 0.0010240518473657635]], "chi2": [126.55965839814759], "means": [1.189699597677734, 1.1158721845440769, 1.6026644715585512], "names": ["beta_signal", "ttjets", "wzjets"], "corr": [[1.0000420808792114, 0.0020400420762598515, -0.40910202264785767], [0.0020400420762598515, 1.0000066757202148, -0.6322929263114929], [-0.40910202264785767, -0.6322929263114929, 1.0000262260437012]]}
