{"nbins": 58, "errors": [0.03978568319251041, 0.013252972824884912, 0.08248073704328052], "cov": [[0.0015831020830767105, 5.6872988771245795e-05, -0.001705708866152029], [5.6872988771245795e-05, 0.000175643136703979, -0.0007112076115803536], [-0.001705708866152029, -0.0007112076115803536, 0.006804030418855469]], "chi2": [60.66944298638171], "means": [1.0155603974528393, 1.148570989123233, 1.7332456520675619], "names": ["beta_signal", "ttjets", "wzjets"], "corr": [[1.0001273155212402, 0.10786136984825134, -0.5197871923446655], [0.10786136984825134, 1.0000104904174805, -0.650624692440033], [-0.5197871923446655, -0.650624692440033, 1.000140905380249]]}
