{"nbins": 58, "errors": [0.029873128428224094, 0.011855875778460145, 0.04663262542453395], "cov": [[0.0008924503620823651, 6.657835443720846e-06, -0.0005452412220081964], [6.657835443720846e-06, 0.00014056307160385784, -0.00037481289842899616], [-0.0005452412220081964, -0.00037481289842899616, 0.0021747274562145032]], "chi2": [88.59289549368555], "means": [1.1601784246375297, 1.1116037642074281, 1.5797325635635766], "names": ["beta_signal", "ttjets", "wzjets"], "corr": [[1.0000522136688232, 0.018798306584358215, -0.3913975656032562], [0.018798306584358215, 1.0000090599060059, -0.6779396533966064], [-0.3913975656032562, -0.6779396533966064, 1.0000578165054321]]}
