{"nbins": 58, "errors": [0.03649316495012922, 0.011783723522928335, 0.06256174362162037], "cov": [[0.0013318723183860415, 3.271854966734625e-05, -0.0010453707421092442], [3.271854966734625e-05, 0.00013885738762458186, -0.0004968019529231862], [-0.0010453707421092442, -0.0004968019529231862, 0.003914286838392026]], "chi2": [90.22993724348083], "means": [1.0876233929232404, 1.1125886404425636, 1.7373115841612834], "names": ["beta_signal", "ttjets", "wzjets"], "corr": [[1.0000910758972168, 0.076085165143013, -0.4578782021999359], [0.076085165143013, 1.0000089406967163, -0.673894464969635], [-0.4578782021999359, -0.673894464969635, 1.0000804662704468]]}
