{"nbins": 58, "errors": [0.0278048514622935, 0.010158815561971402, 0.03562636194902136], "cov": [[0.0007731425145485846, 1.874729185378893e-06, -0.0004072110901144331], [1.874729185378893e-06, 0.0001032022461336116, -0.00022975055228204437], [-0.0004072110901144331, -0.00022975055228204437, 0.0012692692190892374]], "chi2": [122.737210506095], "means": [1.191267399709719, 1.0972619768015686, 1.7682928986388777], "names": ["beta_signal", "ttjets", "wzjets"], "corr": [[1.0000423192977905, 0.006637047044932842, -0.41108113527297974], [0.006637047044932842, 1.000006914138794, -0.6348074674606323], [-0.41108113527297974, -0.6348074674606323, 1.0000249147415161]]}
