{"nbins": 58, "errors": [0.03831323473830639, 0.012427631112642112, 0.08206403110560267], "cov": [[0.001468064443940323, 6.335434189115375e-05, -0.0016624660483346254], [6.335434189115375e-05, 0.0001544476314439642, -0.0007026529989283622], [-0.0016624660483346254, -0.0007026529989283622, 0.006736204218692515]], "chi2": [55.00987402346418], "means": [1.0491384084827295, 1.091419504019882, 1.3863053335961628], "names": ["beta_signal", "ttjets", "wzjets"], "corr": [[1.000109314918518, 0.13305746018886566, -0.5287508964538574], [0.13305746018886566, 1.0000104904174805, -0.6889690160751343], [-0.5287508964538574, -0.6889690160751343, 1.0002522468566895]]}
