{"nbins": 58, "errors": [0.03677402297194621, 0.011850083504122644, 0.06206233387823179], "cov": [[0.001352458791427352, 3.3363473390264684e-05, -0.001052492189968176], [3.3363473390264684e-05, 0.00014042572989258359, -0.0004933772205224759], [-0.001052492189968176, -0.0004933772205224759, 0.00385204216891062]], "chi2": [87.28125853842718], "means": [1.0698456758346206, 1.1217707389422875, 1.7295599941669653], "names": ["beta_signal", "ttjets", "wzjets"], "corr": [[1.0000962018966675, 0.07656119763851166, -0.461157888174057], [0.07656119763851166, 1.0000089406967163, -0.6708564162254333], [-0.461157888174057, -0.6708564162254333, 1.0000802278518677]]}
