{"nbins": 58, "errors": [0.02792078378314189, 0.010148392188114252, 0.03486332620665378], "cov": [[0.0007796047089137182, 1.5184018545064278e-06, -0.00040074921677021804], [1.5184018545064278e-06, 0.00010299057027348966, -0.00022344909287817224], [-0.00040074921677021804, -0.00022344909287817224, 0.0012154817475306982]], "chi2": [121.4426764171031], "means": [1.1736267092150907, 1.0994081839329701, 1.74021722053282], "names": ["beta_signal", "ttjets", "wzjets"], "corr": [[1.000044345855713, 0.005358729977160692, -0.4116956293582916], [0.005358729977160692, 1.000006914138794, -0.6315569877624512], [-0.4116956293582916, -0.6315569877624512, 1.0000249147415161]]}
