{"nbins": 58, "errors": [0.03895129763120875, 0.013027612426526947, 0.08174462006218741], "cov": [[0.001517371096222987, 6.38227814701703e-05, -0.001673028145222593], [6.38227814701703e-05, 0.0001697204408108408, -0.0007180869619929285], [-0.001673028145222593, -0.0007180869619929285, 0.006683482723568031]], "chi2": [64.26735087815007], "means": [1.0594771093635815, 1.1405109952907142, 1.5270526062682204], "names": ["beta_signal", "ttjets", "wzjets"], "corr": [[1.000110387802124, 0.12577344477176666, -0.5254387855529785], [0.12577344477176666, 1.000010371208191, -0.6742997765541077], [-0.5254387855529785, -0.6742997765541077, 1.0001945495605469]]}
