{"nbins": 58, "errors": [0.02926534491245003, 0.011740389844337118, 0.046447099339288034], "cov": [[0.0008565016217298685, 8.223699193975818e-06, -0.0005223304876628349], [8.223699193975818e-06, 0.0001378379912977778, -0.00038082486492506016], [-0.0005223304876628349, -0.00038082486492506016, 0.0021574847870335094]], "chi2": [103.60002523089344], "means": [1.1792259515300358, 1.109489319155541, 1.4620519737906936], "names": ["beta_signal", "ttjets", "wzjets"], "corr": [[1.0000481605529785, 0.023934869095683098, -0.38426703214645386], [0.023934869095683098, 1.0000089406967163, -0.6983677744865417], [-0.38426703214645386, -0.6983677744865417, 1.000070333480835]]}
