{"nbins": 58, "errors": [0.04585098007294153, 0.01404843255345023, 0.09444384034795283], "cov": [[0.0021026869440619418, 6.211815303489968e-05, -0.002342583450389324], [6.211815303489968e-05, 0.00019736099702684435, -0.000946669906620378], [-0.002342583450389324, -0.000946669906620378, 0.008922407421761914]], "chi2": [65.21343495722785], "means": [0.9930959817414056, 1.109030022894438, 1.4267142657322154], "names": ["beta_signal", "ttjets", "wzjets"], "corr": [[1.0001782178878784, 0.09643663465976715, -0.5409695506095886], [0.09643663465976715, 1.0000128746032715, -0.7135050892829895], [-0.5409695506095886, -0.7135050892829895, 1.0003104209899902]]}
