{"nbins": 58, "errors": [0.03923834330505582, 0.011083167736793742, 0.051732176386573236], "cov": [[0.0015397592128460539, 3.3582751658692914e-05, -0.0011287252990502782], [3.3582751658692914e-05, 0.00012283769841971886, -0.0003862972690284939], [-0.0011287252990502782, -0.0003862972690284939, 0.00267653866457065]], "chi2": [105.85590825669698], "means": [1.2663065052233091, 1.0620059696768722, 1.2922521285685886], "names": ["beta_signal", "ttjets", "wzjets"], "corr": [[1.0000724792480469, 0.07722211629152298, -0.5560538172721863], [0.07722211629152298, 1.0000089406967163, -0.6737472414970398], [-0.5560538172721863, -0.6737472414970398, 1.0001198053359985]]}
