{"nbins": 58, "errors": [0.03748235524736687, 0.012185105570375443, 0.0651742071227388], "cov": [[0.0014050604168254705, 3.67949897118584e-05, -0.0011288445336911901], [3.67949897118584e-05, 0.00014847812578149352, -0.0005364002767092248], [-0.0011288445336911901, -0.0005364002767092248, 0.004248009056001324]], "chi2": [86.30886061520408], "means": [1.0925719809485677, 1.1459214434938132, 1.809550292922625], "names": ["beta_signal", "ttjets", "wzjets"], "corr": [[1.000095009803772, 0.08056242018938065, -0.4620952606201172], [0.08056242018938065, 1.0000089406967163, -0.6754356026649475], [-0.4620952606201172, -0.6754356026649475, 1.0000780820846558]]}
