{"nbins": 58, "errors": [0.02814820780509497, 0.010319124780597821, 0.03613590541619316], "cov": [[0.0007923561026259104, 2.1046612074144663e-06, -0.0004185409471605033], [2.1046612074144663e-06, 0.00010648507114334186, -0.0002369174671547592], [-0.0004185409471605033, -0.0002369174671547592, 0.001305835543196763]], "chi2": [120.67493789149965], "means": [1.1898316473450947, 1.111809807148303, 1.7983605785678023], "names": ["beta_signal", "ttjets", "wzjets"], "corr": [[1.000043511390686, 0.007245837245136499, -0.41147956252098083], [0.007245837245136499, 1.000006914138794, -0.6353532671928406], [-0.41147956252098083, -0.6353532671928406, 1.000024437904358]]}
