{"nbins": 58, "errors": [0.03515490825495582, 0.01149496525070881, 0.05832792151453359], "cov": [[0.0012359644075927146, 4.0523816364115005e-05, -0.0009486935056037079], [4.0523816364115005e-05, 0.00013213534231632955, -0.00048181781081513866], [-0.0009486935056037079, -0.00048181781081513866, 0.003402721103652451]], "chi2": [77.51538221026979], "means": [1.1221671858686184, 1.1181436858200113, 1.2399868762751378], "names": ["beta_signal", "ttjets", "wzjets"], "corr": [[1.0000783205032349, 0.10028055310249329, -0.46266159415245056], [0.10028055310249329, 1.000008463859558, -0.7186189889907837], [-0.46266159415245056, -0.7186189889907837, 1.0001689195632935]]}
