{"nbins": 58, "errors": [0.02643326517665523, 0.00988770514899584, 0.03213647897697669], "cov": [[0.0006987422546118787, 5.752034248988079e-06, -0.00033932542626329736], [5.752034248988079e-06, 9.776734398337403e-05, -0.0002195444521873153], [-0.00033932542626329736, -0.0002195444521873153, 0.0010327989278824138]], "chi2": [131.00138448213832], "means": [1.2293671007877847, 1.103442423222241, 1.315208035963363], "names": ["beta_signal", "ttjets", "wzjets"], "corr": [[1.0000354051589966, 0.02200772427022457, -0.3994544744491577], [0.02200772427022457, 1.0000064373016357, -0.690921425819397], [-0.3994544744491577, -0.690921425819397, 1.0000442266464233]]}
