{"nbins": 29, "errors": [0.17813381557890565, 0.04901405080787202, 1.5429893629816118], "cov": [[0.03173165625269957, -0.002049693257328307, 0.02212703034330994], [-0.002049693257328307, 0.0024023771765966603, -0.0714656552350153], [0.02212703034330994, -0.0714656552350153, 2.3808161742744]], "chi2": [31.79190983460174], "means": [1.5687726710916259, 1.0960336900692615, 0.0], "names": ["beta_signal", "ttjets", "wzjets"], "corr": [[1.0, -0.23475880920886993, 0.08050332963466644], [-0.23475880920886993, 1.0, -0.9449609518051147], [0.08050332963466644, -0.9449609518051147, 1.0]]}
