{"nbins": 29, "errors": [0.13322477132137087, 0.05388270930837511, 1.6996760131724704], "cov": [[0.01774883969363156, -0.0002721671642712226, -0.018252744366132837], [-0.0002721671642712226, 0.002903346362410854, -0.08880866513218118], [-0.018252744366132837, -0.08880866513218118, 2.888898549753864]], "chi2": [27.641743027310987], "means": [1.7338008722895226, 1.0571894251280354, 0.0], "names": ["beta_signal", "ttjets", "wzjets"], "corr": [[1.0, -0.03791414946317673, -0.08060779422521591], [-0.03791414946317673, 1.0, -0.9697052836418152], [-0.08060779422521591, -0.9697052836418152, 1.0]]}
