{"nbins": 58, "errors": [0.037462165142568615, 0.0120558787191134, 0.07591376378778913], "cov": [[0.0014035565480392939, 4.202494976184112e-05, -0.0014313428335354904], [4.202494976184112e-05, 0.0001453456278423363, -0.0006111177960542733], [-0.0014313428335354904, -0.0006111177960542733, 0.0057642602469813896]], "chi2": [54.94181779965517], "means": [1.0613151721284129, 1.096326062848242, 1.3385375182934638], "names": ["beta_signal", "ttjets", "wzjets"], "corr": [[1.0001016855239868, 0.0930498018860817, -0.5033038854598999], [0.0930498018860817, 1.0000097751617432, -0.6677371263504028], [-0.5033038854598999, -0.6677371263504028, 1.0002361536026]]}
