{"nbins": 58, "errors": [0.028421882193725212, 0.011074825176603964, 0.04540081373843963], "cov": [[0.0008078395835320044, 6.31352265596643e-06, -0.0004816911881154975], [6.31352265596643e-06, 0.00012265282276924502, -0.0003594635089833061], [-0.0004816911881154975, -0.0003594635089833061, 0.0020614232529407375]], "chi2": [92.95054093631924], "means": [1.1853463814525065, 1.0694684322500398, 1.2943788512911811], "names": ["beta_signal", "ttjets", "wzjets"], "corr": [[1.000044822692871, 0.020057741552591324, -0.37329503893852234], [0.020057741552591324, 1.0000087022781372, -0.7149147987365723], [-0.37329503893852234, -0.7149147987365723, 1.0000919103622437]]}
