{"nbins": 58, "errors": [0.037265695828122336, 0.014470370418189882, 0.056193850968632164], "cov": [[0.0013888553052905357, 7.781060910486224e-05, -0.0010459456891839943], [7.781060910486224e-05, 0.00020939444104743597, -0.0005957180273941889], [-0.0010459456891839943, -0.0005957180273941889, 0.003158240975991872]], "chi2": [131.77495091895983], "means": [1.1185969737194448, 1.1151988404888606, 1.2429712605212067], "names": ["beta_signal", "ttjets", "wzjets"], "corr": [[1.0000886917114258, 0.14429454505443573, -0.4994719624519348], [0.14429454505443573, 1.0000134706497192, -0.7326090931892395], [-0.4994719624519348, -0.7326090931892395, 1.0001558065414429]]}
