{"nbins": 58, "errors": [0.026946534404476363, 0.012219958309380052, 0.02422653684035203], "cov": [[0.0007261450004490005, 1.8929415596807204e-05, -0.00027596638846638335], [1.8929415596807204e-05, 0.00014932883394224683, -0.0002119675209867425], [-0.00027596638846638335, -0.0002119675209867425, 0.0005869498654479867]], "chi2": [134.10366127689682], "means": [1.184704194774207, 1.1093909992973034, 1.0645403692520228], "names": ["beta_signal", "ttjets", "wzjets"], "corr": [[1.0000402927398682, 0.05748632550239563, -0.42272889614105225], [0.05748632550239563, 1.0000097751617432, -0.7159921526908875], [-0.42272889614105225, -0.7159921526908875, 1.000042200088501]]}
