{"nbins": 58, "errors": [0.04233776295394032, 0.01563959011965843, 0.09525043621689089], "cov": [[0.001792722425890159, 9.77770284596356e-05, -0.0021720683660324987], [9.77770284596356e-05, 0.0002446007778228934, -0.0010165379314197654], [-0.0021720683660324987, -0.0010165379314197654, 0.009074693455764752]], "chi2": [74.03397649687778], "means": [1.0548841458318732, 1.0977029579927087, 1.6200203574485434], "names": ["beta_signal", "ttjets", "wzjets"], "corr": [[1.0001318454742432, 0.1476670354604721, -0.5386152267456055], [0.1476670354604721, 1.0000163316726685, -0.6823877692222595], [-0.5386152267456055, -0.6823877692222595, 1.0002256631851196]]}
