{"nbins": 58, "errors": [0.03159927703333132, 0.014546200411704513, 0.055159905147264876], "cov": [[0.0009985688546167782, 3.0035236416485126e-05, -0.0007093230404315366], [3.0035236416485126e-05, 0.00021159496193041836, -0.0005809427301277509], [-0.0007093230404315366, -0.0005809427301277509, 0.0030428946732727166]], "chi2": [155.84862758235323], "means": [1.1920476274257408, 1.0941819443767447, 1.5056119542968407], "names": ["beta_signal", "ttjets", "wzjets"], "corr": [[1.0000545978546143, 0.06534378975629807, -0.4069522023200989], [0.06534378975629807, 1.000014305114746, -0.7240361571311951], [-0.4069522023200989, -0.7240361571311951, 1.0000919103622437]]}
