{"nbins": 58, "errors": [0.035214307819392276, 0.01162125005321979, 0.06388295300342639], "cov": [[0.0012401450065134946, 4.328403651114642e-05, -0.0010451228424603338], [4.328403651114642e-05, 0.00013505461332480713, -0.0005363791794414992], [-0.0010451228424603338, -0.0005363791794414992, 0.004081717924594257]], "chi2": [82.81164333924517], "means": [1.1219677278988485, 1.1203514878009582, 1.33537590998123], "names": ["beta_signal", "ttjets", "wzjets"], "corr": [[1.0000786781311035, 0.1057683527469635, -0.4645828902721405], [0.1057683527469635, 1.0000085830688477, -0.7224937081336975], [-0.4645828902721405, -0.7224937081336975, 1.0001682043075562]]}
