{"nbins": 58, "errors": [0.026799244090308427, 0.010050478980074162, 0.036261184642415456], "cov": [[0.0007182253103345842, 8.641859467450305e-06, -0.0003931518826662164], [8.641859467450305e-06, 0.0001010127906400677, -0.00025435494785742876], [-0.0003931518826662164, -0.00025435494785742876, 0.0013149310936320796]], "chi2": [125.81245605027492], "means": [1.235464286884707, 1.1106962696646927, 1.4500979524471296], "names": ["beta_signal", "ttjets", "wzjets"], "corr": [[1.0000360012054443, 0.032084692269563675, -0.4045720100402832], [0.032084692269563675, 1.0000065565109253, -0.697929322719574], [-0.4045720100402832, -0.697929322719574, 1.0000437498092651]]}
