{"nbins": 58, "errors": [0.04284936487232603, 0.014022187130895819, 0.05650221974866029], "cov": [[0.001836068069961728, 4.421080013713625e-05, -0.0009824047234460792], [4.421080013713625e-05, 0.00019662173193386032, -0.0005992064704411455], [-0.0009824047234460792, -0.0005992064704411455, 0.003192500836525897]], "chi2": [82.12427705715152], "means": [1.079386223197724, 1.0757553905511121, 1.2629728298572682], "names": ["beta_signal", "ttjets", "wzjets"], "corr": [[1.0, 0.07358142733573914, -0.40577057003974915], [0.07358142733573914, 1.0, -0.7563019394874573], [-0.40577057003974915, -0.7563019394874573, 1.0]]}
