{"nbins": 58, "errors": [0.03111493340985207, 0.011879795713633904, 0.036870303739160205], "cov": [[0.0009681390810995286, 6.994619979261351e-06, -0.00042435381118788605], [6.994619979261351e-06, 0.00014112954619767447, -0.0003153802340969306], [-0.00042435381118788605, -0.0003153802340969306, 0.001359419297817931]], "chi2": [103.90588797576413], "means": [1.2137111837660517, 1.0344249656845204, 1.4010601237330371], "names": ["beta_signal", "ttjets", "wzjets"], "corr": [[1.0, 0.01892283745110035, -0.3698984682559967], [0.01892283745110035, 1.0, -0.7200270295143127], [-0.3698984682559967, -0.7200270295143127, 1.0]]}
