{"nbins": 29, "errors": [0.08665596276001133, 0.02313802164202373, 0.7043499558163464], "cov": [[0.0075092558818644715, -0.00021046990066240186, -0.005365160438388066], [-0.00021046990066240186, 0.0005353680455067586, -0.014920047067120162], [-0.005365160438388066, -0.014920047067120162, 0.49610886025848916]], "chi2": [33.089206227783315], "means": [1.3264159585498272, 0.9220093071476806, 0.4543995692621522], "names": ["beta_signal", "ttjets", "wzjets"], "corr": [[1.0, -0.10497003048658371, -0.08790139853954315], [-0.10497003048658371, 1.0, -0.9154939651489258], [-0.08790139853954315, -0.9154939651489258, 1.0]]}
