{"nbins": 58, "errors": [0.03521799281198379, 0.011499227033479054, 0.06397618647598535], "cov": [[0.0012404039347987878, 4.105045512772623e-05, -0.0010526989007386058], [4.105045512772623e-05, 0.00013223330428457632, -0.0005266977436485256], [-0.0010526989007386058, -0.0005266977436485256, 0.004093683917523876]], "chi2": [85.19942058346959], "means": [1.1250972799783403, 1.133349576029385, 1.3051884137203933], "names": ["beta_signal", "ttjets", "wzjets"], "corr": [[1.0000780820846558, 0.10136423259973526, -0.4672197699546814], [0.10136423259973526, 1.000008225440979, -0.7159364223480225], [-0.4672197699546814, -0.7159364223480225, 1.0001786947250366]]}
