{"nbins": 58, "errors": [0.026551209099190398, 0.009769967023633752, 0.03528039487509815], "cov": [[0.0007049925783528402, 5.712926861633378e-06, -0.0003796130627112494], [5.712926861633378e-06, 9.545284617170914e-05, -0.00023526398624241015], [-0.0003796130627112494, -0.00023526398624241015, 0.0012447589047756959]], "chi2": [123.04250890785696], "means": [1.2161893718882846, 1.1117993185703572, 1.438989959414045], "names": ["beta_signal", "ttjets", "wzjets"], "corr": [[1.0000367164611816, 0.022023241966962814, -0.4052503705024719], [0.022023241966962814, 1.0000061988830566, -0.6825412511825562], [-0.4052503705024719, -0.6825412511825562, 1.0000423192977905]]}
