{"nbins": 29, "errors": [0.04365460065802618, 0.02486067187003349, 0.13251276929068023], "cov": [[0.0019060160041488288, 0.00044014948870659275, -0.0036121183883324527], [0.00044014948870659275, 0.0006180799191390423, -0.0029120751847428266], [-0.0036121183883324527, -0.0029120751847428266, 0.01756920561056164]], "chi2": [32.55339194452233], "means": [1.0159312866653782, 1.0738341287942545, 1.4914436284259849], "names": ["beta_signal", "ttjets", "wzjets"], "corr": [[1.0001531839370728, 0.40556207299232483, -0.6244162917137146], [0.40556207299232483, 1.000043511390686, -0.8839587569236755], [-0.6244162917137146, -0.8839587569236755, 1.0005451440811157]]}
