{"nbins": 29, "errors": [0.0334793351996141, 0.03623836559914606, 0.11575460053598241], "cov": [[0.0011209449393293027, 0.00045941633835280344, -0.0019788951179835475], [0.00045941633835280344, 0.0013133663583763076, -0.0039995382321285754], [-0.0019788951179835475, -0.0039995382321285754, 0.013404058171453542]], "chi2": [45.815391387940394], "means": [1.1256446735260175, 0.9898984912914632, 1.5616823259921326], "names": ["beta_signal", "ttjets", "wzjets"], "corr": [[1.000070571899414, 0.3786700963973999, -0.5106316208839417], [0.3786700963973999, 1.0001120567321777, -0.9534611105918884], [-0.5106316208839417, -0.9534611105918884, 1.0003679990768433]]}
