{"nbins": 58, "errors": [0.03971288251866856, 0.012972122644702822, 0.0823921799505003], "cov": [[0.001577313804571161, 5.409507316794076e-05, -0.001693376981419703], [5.409507316794076e-05, 0.00016827775479601092, -0.0006945356839281907], [-0.001693376981419703, -0.0006945356839281907, 0.006789419156642244]], "chi2": [60.143500986933645], "means": [1.0139583164526713, 1.1236744409515786, 1.737571752185786], "names": ["beta_signal", "ttjets", "wzjets"], "corr": [[1.0001273155212402, 0.10500627756118774, -0.5175308585166931], [0.10500627756118774, 1.00001060962677, -0.6498266458511353], [-0.5175308585166931, -0.6498266458511353, 1.000139594078064]]}
