{"nbins": 58, "errors": [0.029856862544509033, 0.011620609320269981, 0.046642952498126], "cov": [[0.000891478848046538, 5.99383619835088e-06, -0.0005439086152909373], [5.99383619835088e-06, 0.00013503980504020544, -0.0003671493949263729], [-0.0005439086152909373, -0.0003671493949263729, 0.002175690026058228]], "chi2": [87.1333846429188], "means": [1.1586638479423654, 1.0883374542828537, 1.583540119749408], "names": ["beta_signal", "ttjets", "wzjets"], "corr": [[1.0000523328781128, 0.017275547608733177, -0.39056718349456787], [0.017275547608733177, 1.0000091791152954, -0.6773729920387268], [-0.39056718349456787, -0.6773729920387268, 1.0000574588775635]]}
