"correlations_bdt_mu","correlations_bdt_ele","correlations_abs_ljet_eta_mu","correlations_abs_ljet_eta_ele","correlations_bdt_2j_1t_mu","correlations_bdt_2j_1t_ele","correlations_bdt_3j_2t_mu","correlations_bdt_3j_2t_ele"
0.04633484035730362,0.1502196043729782,0.06851696968078613,0.10674966871738434,0.4875291883945465,0.4636211395263672,-0.2671864628791809,0.0019403677433729172
-0.3874501585960388,-0.5401835441589355,-0.5302402377128601,-0.5854264497756958,-0.5869271159172058,-0.6576400995254517,0.06547920405864716,-0.18111345171928406
-0.7293887138366699,-0.6955554485321045,-0.7005796432495117,-0.6962675452232361,-0.9695339798927307,-0.9017718434333801,-0.885769784450531,-0.9249876737594604
