{"nbins": 58, "errors": [0.039125202681367766, 0.013195677759618052, 0.08256792650863565], "cov": [[0.0015309660814550403, 6.509716278141408e-05, -0.0017109141277525466], [6.509716278141408e-05, 0.00017412771882281106, -0.0007312880949425156], [-0.0017109141277525466, -0.0007312880949425156, 0.0068187167236233]], "chi2": [60.09217841776184], "means": [1.0245162535901757, 1.1509085462621256, 1.5713045597751205], "names": ["beta_signal", "ttjets", "wzjets"], "corr": [[1.0001206398010254, 0.1260879933834076, -0.5296149253845215], [0.1260879933834076, 1.000010371208191, -0.6711899042129517], [-0.5296149253845215, -0.6711899042129517, 1.0001839399337769]]}
