{"nbins": 58, "errors": [0.029466657807618812, 0.011969797953032657, 0.047234174935770756], "cov": [[0.0008683298366641371, 8.358793007434088e-06, -0.0005390207828550612], [8.358793007434088e-06, 0.00014327738094440675, -0.0003931262758787863], [-0.0005390207828550612, -0.0003931262758787863, 0.0022312130522020583]], "chi2": [112.49912129106826], "means": [1.1408850989374466, 1.116199274664183, 1.5231192099433422], "names": ["beta_signal", "ttjets", "wzjets"], "corr": [[1.0000529289245605, 0.023698773235082626, -0.38727396726608276], [0.023698773235082626, 1.0000091791152954, -0.6953267455101013], [-0.38727396726608276, -0.6953267455101013, 1.0000653266906738]]}
