{"nbins": 58, "errors": [0.03666137277424686, 0.012660371904661405, 0.0879423620440285], "cov": [[0.0013441766130173466, 5.615546820064568e-05, -0.0016214645478704085], [5.615546820064568e-05, 0.00016028667531418583, -0.0007817122097396197], [-0.0016214645478704085, -0.0007817122097396197, 0.007736221768622326]], "chi2": [64.46508306720816], "means": [1.0992975258260702, 1.1136422776312718, 1.3580588048332434], "names": ["beta_signal", "ttjets", "wzjets"], "corr": [[1.0000895261764526, 0.12098648399114609, -0.502921998500824], [0.12098648399114609, 1.000010371208191, -0.7021054029464722], [-0.502921998500824, -0.7021054029464722, 1.0003055334091187]]}
