{"nbins": 58, "errors": [0.028325626399979376, 0.011492830958592881, 0.05171464082798005], "cov": [[0.0008023766787008224, 1.3004196638944764e-05, -0.0005569627079294367], [1.3004196638944764e-05, 0.0001320863481237022, -0.00043666161345952995], [-0.0005569627079294367, -0.00043666161345952995, 0.0026746839087010573]], "chi2": [89.55789168078948], "means": [1.187248485893242, 1.090467457428034, 1.362581748623549], "names": ["beta_signal", "ttjets", "wzjets"], "corr": [[1.000044345855713, 0.03994634002447128, -0.38021835684776306], [0.03994634002447128, 1.0000089406967163, -0.7346906065940857], [-0.38021835684776306, -0.7346906065940857, 1.0001046657562256]]}
