{"nbins": 58, "errors": [0.04036831642701122, 0.015036383051707958, 0.06956297820827095], "cov": [[0.0016297673755553267, 8.26512433639212e-05, -0.0013643653297580312], [8.26512433639212e-05, 0.0002260959409201997, -0.0007570974552305939], [-0.0013643653297580312, -0.0007570974552305939, 0.004839723822589693]], "chi2": [109.40701967007894], "means": [1.1276560040349235, 1.1389190666195192, 1.4987269111951234], "names": ["beta_signal", "ttjets", "wzjets"], "corr": [[1.000102162361145, 0.13616496324539185, -0.48586082458496094], [0.13616496324539185, 1.000013828277588, -0.7238194346427917], [-0.48586082458496094, -0.7238194346427917, 1.0001479387283325]]}
