{"nbins": 58, "errors": [0.0300052709835108, 0.013132163677995079, 0.03788451003892712], "cov": [[0.0009003610124779545, 1.4614335405681191e-05, -0.00046308926892338445], [1.4614335405681191e-05, 0.0001724555452785997, -0.0003487233585373674], [-0.00046308926892338445, -0.0003487233585373674, 0.0014352985701014634]], "chi2": [158.42338406868078], "means": [1.1878966367029666, 1.1379014701953487, 1.5029713969791736], "names": ["beta_signal", "ttjets", "wzjets"], "corr": [[1.0000497102737427, 0.03708900883793831, -0.4073854386806488], [0.03708900883793831, 1.00001060962677, -0.7009435892105103], [-0.4073854386806488, -0.7009435892105103, 1.000043511390686]]}
