{"nbins": 58, "errors": [0.03549155173359386, 0.01131897523639358, 0.05841314421456745], "cov": [[0.0012597549969395035, 3.836306367419441e-05, -0.0009588519574971567], [3.836306367419441e-05, 0.00012812031043501083, -0.00046896116455751155], [-0.0009588519574971567, -0.00046896116455751155, 0.0034125744590357355]], "chi2": [75.51612913974841], "means": [1.1034855067878602, 1.0923394361459042, 1.336028009244941], "names": ["beta_signal", "ttjets", "wzjets"], "corr": [[1.0000832080841064, 0.09549511969089508, -0.4625045359134674], [0.09549511969089508, 1.0000087022781372, -0.709282398223877], [-0.4625045359134674, -0.709282398223877, 1.0001404285430908]]}
