{"nbins": 58, "errors": [0.05933911008656756, 0.017071188845216637, 0.1275425491429795], "cov": [[0.0035211299858657836, 0.00015100554826591824, -0.004492142484745735], [0.00015100554826591824, 0.000291425488589049, -0.0016160836630747211], [-0.004492142484745735, -0.0016160836630747211, 0.01626710184188934]], "chi2": [58.786468715985215], "means": [0.9831787150985298, 1.0802953321811477, 1.2574714346213203], "names": ["beta_signal", "ttjets", "wzjets"], "corr": [[1.0, 0.14906926453113556, -0.5935501456260681], [0.14906926453113556, 1.0, -0.7422410845756531], [-0.5935501456260681, -0.7422410845756531, 1.0]]}
