{"nbins": 58, "errors": [0.04381681616133047, 0.013850845850322452, 0.06379838247051849], "cov": [[0.0019199133785158312, 5.745841634437933e-05, -0.0014719292165002677], [5.745841634437933e-05, 0.00019184593076939467, -0.0006517388871866302], [-0.0014719292165002677, -0.0006517388871866302, 0.0040702336058545605]], "chi2": [139.32823459864483], "means": [1.181675804775452, 1.0317480254521258, 1.2991225065796164], "names": ["beta_signal", "ttjets", "wzjets"], "corr": [[1.0, 0.09467526525259018, -0.5265461206436157], [0.09467526525259018, 1.0, -0.737543523311615], [-0.5265461206436157, -0.737543523311615, 1.0]]}
