"correlations_bdt_mu","correlations_bdt_ele","correlations_abs_ljet_eta_mu","correlations_abs_ljet_eta_ele","correlations_bdt_2j_1t_mu","correlations_bdt_2j_1t_ele","correlations_bdt_3j_2t_mu","correlations_bdt_3j_2t_ele"
0.04186303913593292,0.13569308817386627,0.055588845163583755,0.08409150689840317,0.386507511138916,0.39723703265190125,-0.26407065987586975,-0.09522487968206406
-0.38731974363327026,-0.5280287265777588,-0.5205761194229126,-0.562545120716095,-0.5155225396156311,-0.6164688467979431,0.06028322875499725,-0.03570278733968735
-0.7264415621757507,-0.6911136507987976,-0.6978777647018433,-0.6966617107391357,-0.9549304842948914,-0.8832117319107056,-0.8866819739341736,-0.9412886500358582
