{"nbins": 29, "errors": [0.17598288893078928, 0.017171718380972978, 0.5415136096397111], "cov": [[0.03099964538590169, -0.0014139296091491848, 5.200542397165243e-07], [-0.0014139296091491848, 0.0002948737922990151, -7.929343119504588e-07], [5.200542397165243e-07, -7.929343119504588e-07, 1.0001467410919977e-07]], "chi2": [24.96184650379672], "means": [1.4949256332564578, 1.0923351966398163, 3.6335564557177236e-08], "names": ["beta_signal", "ttjets", "wzjets"], "corr": [[1.00095796585083, -0.46788981556892395, 5.457186944113346e-06], [-0.46788981556892395, 1.000019907951355, -8.527349564246833e-05], [5.457186944113346e-06, -8.527349564246833e-05, 3.4107114288417506e-07]]}
