{"nbins": 29, "errors": [0.13266200075570822, 0.014666991267645368, 0.7806063034602724], "cov": [[0.017606227396495627, -0.00084630037295326, -7.230999076414513e-08], [-0.00084630037295326, 0.00021512412726492182, -2.8445329009189366e-07], [-7.230999076414513e-08, -2.8445329009189366e-07, 3.810551571019049e-09]], "chi2": [25.23964457747679], "means": [1.6777231430400974, 1.042893843925985, 8.777811810745106e-10], "names": ["beta_signal", "ttjets", "wzjets"], "corr": [[1.0003989934921265, -0.4349476099014282, -6.982641025388148e-07], [-0.4349476099014282, 1.000016212463379, -2.4844935978762805e-05], [-6.982641025388148e-07, -2.4844935978762805e-05, 6.253508377795924e-09]]}
