{"nbins": 87, "errors": [0.021771253486301483, 0.005557965761735688, 0.02457553822529925], "cov": [[0.00047398747836479443, 2.6537716761432088e-06, -0.0002279770860167864], [2.6537716761432088e-06, 3.089098340862617e-05, -9.13322619589742e-05], [-0.0002279770860167864, -9.13322619589742e-05, 0.0006039570790631445]], "chi2": [319.972344910095], "means": [1.1070545918787513, 0.9473744712888647, 1.4720965817769827], "names": ["beta_signal", "ttjets", "wzjets"], "corr": [[1.0, 0.021931294351816177, -0.42609331011772156], [0.021931294351816177, 1.0, -0.6686599254608154], [-0.42609331011772156, -0.6686599254608154, 1.0]]}
