{"nbins": 29, "errors": [0.04347340270396971, 0.024991852195179742, 0.13269877143915898], "cov": [[0.001890217561473017, 0.00043159041716312683, -0.003556326784983428], [0.00043159041716312683, 0.0006246198081021899, -0.0029290728826306795], [-0.003556326784983428, -0.0029290728826306795, 0.017617990064133473]], "chi2": [47.81994930995461], "means": [1.0254354045369891, 1.0796805936831766, 1.5282409578741802], "names": ["beta_signal", "ttjets", "wzjets"], "corr": [[1.0001485347747803, 0.39723703265190125, -0.6164688467979431], [0.39723703265190125, 1.0000433921813965, -0.8832117319107056], [-0.6164688467979431, -0.8832117319107056, 1.0005125999450684]]}
