{"nbins": 29, "errors": [0.03309592637831371, 0.03631156678170544, 0.1164964137039699], "cov": [[0.0010954141907954088, 0.0004644911878847678, -0.0019876264557224356], [0.0004644911878847678, 0.0013186704606259676, -0.00403951570508361], [-0.0019876264557224356, -0.00403951570508361, 0.013576934168056538]], "chi2": [48.97099758208253], "means": [1.1359313857621283, 1.013151936017672, 1.5110706564328984], "names": ["beta_signal", "ttjets", "wzjets"], "corr": [[1.0000674724578857, 0.386507511138916, -0.5155225396156311], [0.386507511138916, 1.0001065731048584, -0.9549304842948914], [-0.5155225396156311, -0.9549304842948914, 1.0004067420959473]]}
