{"nbins": 29, "errors": [0.08328008002254275, 0.021398530767994493, 0.1909118446147999], "cov": [[0.006935571728561125, 0.0002568429618461693, -0.005226544232692221], [0.0002568429618461693, 0.00045789711902880696, -0.0038976868427081195], [-0.005226544232692221, -0.0038976868427081195, 0.0364473324142255]], "chi2": [49.99500367555822], "means": [1.7771231513633854, 0.9457157489964274, 1.3595127480589329], "names": ["beta_signal", "ttjets", "wzjets"], "corr": [[1.0, 0.14412608742713928, -0.328730970621109], [0.14412608742713928, 1.0, -0.9540916681289673], [-0.328730970621109, -0.9540916681289673, 1.0]]}
