{"nbins": 29, "errors": [0.07362396506414437, 0.07653837632843696, 0.1927476999649218], "cov": [[0.005423747670201473, 0.003431843161005494, -0.010261821470425045], [0.003431843161005494, 0.005869020782165763, -0.014348045324180997], [-0.010261821470425045, -0.014348045324180997, 0.03715973116964136]], "chi2": [138.83778440187695], "means": [0.8833201509525472, 0.5321160103677209, 2.69036014627526], "names": ["beta_signal", "ttjets", "wzjets"], "corr": [[1.0006012916564941, 0.6090164184570312, -0.7231294512748718], [0.6090164184570312, 1.00186026096344, -0.972577691078186], [-0.7231294512748718, -0.972577691078186, 1.0002168416976929]]}
