{"nbins": 58, "errors": [0.03787540418520097, 0.012632601091377316, 0.08822464185598866], "cov": [[0.0014346927715546587, 6.705835467128832e-05, -0.0017732069098135173], [6.705835467128832e-05, 0.00015958425189608978, -0.000778112029724148], [-0.0017732069098135173, -0.000778112029724148, 0.00778590623937449]], "chi2": [57.00445566378332], "means": [1.0692054345495974, 1.1143403781904153, 1.374901386295647], "names": ["beta_signal", "ttjets", "wzjets"], "corr": [[1.000102162361145, 0.14015313982963562, -0.5306549668312073], [0.14015313982963562, 1.0000102519989014, -0.6981672048568726], [-0.5306549668312073, -0.6981672048568726, 1.0002979040145874]]}
