{"nbins": 58, "errors": [0.028505192878743424, 0.011651623826591795, 0.05226615857794226], "cov": [[0.0008125812789972386, 1.5309261591196033e-05, -0.0005713628059362772], [1.5309261591196033e-05, 0.00013576154402741335, -0.00045213761026760546], [-0.0005713628059362772, -0.00045213761026760546, 0.0027320709868654514]], "chi2": [99.63458917245559], "means": [1.2037622494201083, 1.1073330935373424, 1.3149553568252639], "names": ["beta_signal", "ttjets", "wzjets"], "corr": [[1.0000433921813965, 0.04609393700957298, -0.383501797914505], [0.04609393700957298, 1.0000089406967163, -0.7424437999725342], [-0.383501797914505, -0.7424437999725342, 1.0001170635223389]]}
