{"nbins": 29, "errors": [0.19574208808985633, 0.04378101896961677, 2.5970639885417057], "cov": [[0.03831496504977707, -0.0010295685396311898, -0.046573571246961654], [-0.0010295685396311898, 0.0019167776220179434, -0.10199050932831975], [-0.046573571246961654, -0.10199050932831975, 6.744741360580153]], "chi2": [33.98152076457542], "means": [1.1621392122290537, 1.0359932826461722, 3.677844736677025], "names": ["beta_signal", "ttjets", "wzjets"], "corr": [[1.0, -0.12013932317495346, -0.09161628782749176], [-0.12013932317495346, 1.0, -0.8969975113868713], [-0.09161628782749176, -0.8969975113868713, 1.0]]}
