{"nbins": 29, "errors": [0.15884882154581484, 0.03346280850732394, 1.134328375361298], "cov": [[0.025232948106494128, -0.0007318868184640014, -0.013251022658270292], [-0.0007318868184640014, 0.0011197595531978318, -0.03415642717620017], [-0.013251022658270292, -0.03415642717620017, 1.2867008631498018]], "chi2": [28.91009059550531], "means": [1.6709369504809262, 1.0326613193331762, 0.48659937081591587], "names": ["beta_signal", "ttjets", "wzjets"], "corr": [[1.0, -0.13768845796585083, -0.07354050129652023], [-0.13768845796585083, 1.0, -0.8998523354530334], [-0.07354050129652023, -0.8998523354530334, 1.0]]}
