{"nbins": 58, "errors": [0.06547225582484287, 0.013794534582200816, 0.06335857280607123], "cov": [[0.0042866162827936705, 8.410168313112659e-05, -0.0024993388152158], [8.410168313112659e-05, 0.00019028918433953426, -0.0005972469962143749], [-0.0024993388152158, -0.0005972469962143749, 0.004014308748022228]], "chi2": [75.70175087859428], "means": [1.05581865003328, 1.0907980991991701, 1.2233695880092528], "names": ["beta_signal", "ttjets", "wzjets"], "corr": [[1.0, 0.09311943501234055, -0.602507472038269], [0.09311943501234055, 1.0, -0.6833474040031433], [-0.602507472038269, -0.6833474040031433, 1.0]]}
