{"nbins": 58, "errors": [0.04967825404623198, 0.0115657626187862, 0.043741219199069724], "cov": [[0.0024679289250819645, 5.4952632432684955e-05, -0.0013833937232987845], [5.4952632432684955e-05, 0.0001337668649541122, -0.00032401084193253065], [-0.0013833937232987845, -0.00032401084193253065, 0.0019132942570210657]], "chi2": [124.49578526433542], "means": [1.2910278127100332, 1.0328604225098441, 1.3680674444902488], "names": ["beta_signal", "ttjets", "wzjets"], "corr": [[1.0, 0.0956418365240097, -0.6366322040557861], [0.0956418365240097, 1.0, -0.6404634714126587], [-0.6366322040557861, -0.6404634714126587, 1.0]]}
