{"nbins": 58, "errors": [0.05039417766510599, 0.014252925363912206, 0.09907118634954759], "cov": [[0.0025395731425422673, 8.232085740905715e-05, -0.0028934313462311823], [8.232085740905715e-05, 0.0002031458814292519, -0.0010048873524998293], [-0.0028934313462311823, -0.0010048873524998293, 0.009815099964706786]], "chi2": [106.51453585361918], "means": [1.0663269152276076, 1.0958603327266194, 1.4239090163117993], "names": ["beta_signal", "ttjets", "wzjets"], "corr": [[1.0, 0.11461079120635986, -0.5795426964759827], [0.11461079120635986, 1.0, -0.7116492390632629], [-0.5795426964759827, -0.7116492390632629, 1.0]]}
