{"nbins": 58, "errors": [0.039106647148844535, 0.011867576915880838, 0.05458891450225201], "cov": [[0.0015293298512242305, 3.7367792858091826e-05, -0.0011420979235102129], [3.7367792858091826e-05, 0.00014083938185434773, -0.0004605457564327511], [-0.0011420979235102129, -0.0004605457564327511, 0.00297994958653418]], "chi2": [178.17770305232983], "means": [1.250294999982404, 1.0686118502025388, 1.280538833919717], "names": ["beta_signal", "ttjets", "wzjets"], "corr": [[1.0, 0.08051648736000061, -0.5349932312965393], [0.08051648736000061, 1.0, -0.7108963131904602], [-0.5349932312965393, -0.7108963131904602, 1.0]]}
