{"nbins": 58, "errors": [0.03885083574894388, 0.012629590118159006, 0.08189367027684691], "cov": [[0.0015095796064499049, 4.9647264551537104e-05, -0.0016465512707297663], [4.9647264551537104e-05, 0.00015950822831303397, -0.000667614511574197], [-0.0016465512707297663, -0.000667614511574197, 0.006707513246581027]], "chi2": [60.729147029554824], "means": [0.9950339963056789, 1.1027648186608845, 1.7274327474146407], "names": ["beta_signal", "ttjets", "wzjets"], "corr": [[1.0001273155212402, 0.10118257254362106, -0.5175169110298157], [0.10118257254362106, 1.0000104904174805, -0.6454850435256958], [-0.5175169110298157, -0.6454850435256958, 1.0001401901245117]]}
