{"nbins": 58, "errors": [0.0294387478588769, 0.011406009888963897, 0.045852792541771104], "cov": [[0.0008666846580801882, 2.9253388667974747e-06, -0.0005248312608915605], [2.9253388667974747e-06, 0.00013009819683266298, -0.00034917133514967885], [-0.0005248312608915605, -0.00034917133514967885, 0.0021025997601191583]], "chi2": [89.58041584089491], "means": [1.1508557859306348, 1.0960712634971626, 1.5615625567462401], "names": ["beta_signal", "ttjets", "wzjets"], "corr": [[1.0000516176223755, 0.008712105453014374, -0.3888074457645416], [0.008712105453014374, 1.0000087022781372, -0.667634904384613], [-0.3888074457645416, -0.667634904384613, 1.000057578086853]]}
