{"nbins": 58, "errors": [0.03851865279554456, 0.012534405731700504, 0.0836453594719242], "cov": [[0.001483847821859068, 6.551376541855107e-05, -0.001701259285005587], [6.551376541855107e-05, 0.0001571129835263708, -0.0007245945616993556], [-0.001701259285005587, -0.0007245945616993556, 0.0069982237467130885]], "chi2": [76.96662940253042], "means": [1.056647792141578, 1.0958475062269146, 1.4349021377614806], "names": ["beta_signal", "ttjets", "wzjets"], "corr": [[1.0001085996627808, 0.13569308817386627, -0.5280287265777588], [0.13569308817386627, 1.0000104904174805, -0.6911136507987976], [-0.5280287265777588, -0.6911136507987976, 1.0002397298812866]]}
