{"nbins": 58, "errors": [0.028573497558090022, 0.011300414071395926, 0.04751246559560185], "cov": [[0.0008164821725813746, 1.3517255324132126e-05, -0.0005258242479528625], [1.3517255324132126e-05, 0.00012770051326661876, -0.0003900341395111791], [-0.0005258242479528625, -0.0003900341395111791, 0.002257651024639517]], "chi2": [74.97396536735408], "means": [1.1797118133266755, 1.0713644407716783, 1.3188404247024184], "names": ["beta_signal", "ttjets", "wzjets"], "corr": [[1.0000457763671875, 0.04186303913593292, -0.38731974363327026], [0.04186303913593292, 1.0000090599060059, -0.7264415621757507], [-0.38731974363327026, -0.7264415621757507, 1.0000959634780884]]}
