{"nbins": 58, "errors": [0.046519558788267634, 0.014336264859945923, 0.0976185542208718], "cov": [[0.0021640693498550883, 8.269836945058959e-05, -0.0025302565678903353], [8.269836945058959e-05, 0.00020552849013452028, -0.001016591232630189], [-0.0025302565678903353, -0.001016591232630189, 0.009529382128173287]], "chi2": [65.2180821916144], "means": [0.9930635285134563, 1.1089604703625164, 1.4270150104734265], "names": ["beta_signal", "ttjets", "wzjets"], "corr": [[1.0, 0.12400104105472565, -0.5571814179420471], [0.12400104105472565, 1.0, -0.7264035940170288], [-0.5571814179420471, -0.7264035940170288, 1.0]]}
