{"nbins": 58, "errors": [0.03974503025122016, 0.011262304225579675, 0.05316094105644744], "cov": [[0.0015796674296704057, 4.516247622027186e-05, -0.0012043990813429396], [4.516247622027186e-05, 0.00012683949646950983, -0.0004105532936886158], [-0.0012043990813429396, -0.0004105532936886158, 0.0028260856540070793]], "chi2": [105.85585837053523], "means": [1.2663377727790126, 1.0619899363584377, 1.2922689017701017], "names": ["beta_signal", "ttjets", "wzjets"], "corr": [[1.0, 0.10089454054832458, -0.5700263381004333], [0.10089454054832458, 1.0, -0.6857244372367859], [-0.5700263381004333, -0.6857244372367859, 1.0]]}
