{"nbins": 58, "errors": [0.049389216276667244, 0.011984884902020009, 0.06627863305569645], "cov": [[0.0024392946844234127, 4.800735410783404e-05, -0.0019095228859606994], [4.800735410783404e-05, 0.00014363746611466713, -0.0005335286091249664], [-0.0019095228859606994, -0.0005335286091249664, 0.004392857199731658]], "chi2": [78.4802592120949], "means": [1.0076969669477576, 1.1108282465126584, 1.3522455766915917], "names": ["beta_signal", "ttjets", "wzjets"], "corr": [[1.0, 0.08110390603542328, -0.5833365321159363], [0.08110390603542328, 1.0, -0.6716612577438354], [-0.5833365321159363, -0.6716612577438354, 1.0]]}
