{"nbins": 58, "errors": [0.03816110378931084, 0.009899864353739806, 0.042905147200715164], "cov": [[0.0014562698424185545, 3.303493551907293e-05, -0.0009787080039790513], [3.303493551907293e-05, 9.800731422244808e-05, -0.00027418784428737906], [-0.0009787080039790513, -0.00027418784428737906, 0.0018408516563150363]], "chi2": [99.9672819394911], "means": [1.2685045552111986, 1.068253661405092, 1.286939953290549], "names": ["beta_signal", "ttjets", "wzjets"], "corr": [[1.0, 0.08744264394044876, -0.5977544188499451], [0.08744264394044876, 1.0, -0.6455197930335999], [-0.5977544188499451, -0.6455197930335999, 1.0]]}
