{"nbins": 58, "errors": [0.035980300375659136, 0.01165404631694833, 0.062407935947786486], "cov": [[0.0012947063977382124, 3.275620073720963e-05, -0.0010365989699921267], [3.275620073720963e-05, 0.00013581801654905724, -0.0004893482919788707], [-0.0010365989699921267, -0.0004893482919788707, 0.003895064029265093]], "chi2": [86.23391927553163], "means": [1.0506922349670238, 1.1021295987557678, 1.7341161289225089], "names": ["beta_signal", "ttjets", "wzjets"], "corr": [[1.000096082687378, 0.07811816036701202, -0.46164292097091675], [0.07811816036701202, 1.0000089406967163, -0.6728240847587585], [-0.46164292097091675, -0.6728240847587585, 1.0000804662704468]]}
