{"nbins": 58, "errors": [0.02756964621123803, 0.010087660905344631, 0.03534802274231197], "cov": [[0.0007601187421910306, 1.7430757652929838e-06, -0.0004009180653225292], [1.7430757652929838e-06, 0.00010176160576960999, -0.00022607763015671558], [-0.0004009180653225292, -0.00022607763015671558, 0.0012495136786974989]], "chi2": [120.26432054262884], "means": [1.1662111369303267, 1.090420210358022, 1.76018612901562], "names": ["beta_signal", "ttjets", "wzjets"], "corr": [[1.0000438690185547, 0.006267503835260868, -0.41139528155326843], [0.006267503835260868, 1.000006914138794, -0.63401859998703], [-0.41139528155326843, -0.63401859998703, 1.0000247955322266]]}
