{"nbins": 58, "errors": [0.039456926152387606, 0.014434684738481307, 0.090098638070496], "cov": [[0.0015570423740211639, 9.622534727637493e-05, -0.001880539822552779], [9.622534727637493e-05, 0.00020836329567868803, -0.000953687274478786], [-0.001880539822552779, -0.000953687274478786, 0.008119610083675115]], "chi2": [72.87395339032908], "means": [1.0190527963301772, 1.0574722417619857, 1.5496763492635823], "names": ["beta_signal", "ttjets", "wzjets"], "corr": [[1.000124216079712, 0.16895028948783875, -0.5289822220802307], [0.16895028948783875, 1.0000152587890625, -0.7332979440689087], [-0.5289822220802307, -0.7332979440689087, 1.0002273321151733]]}
