{"nbins": 58, "errors": [0.0290709605192514, 0.013507751196878415, 0.05190229006849045], "cov": [[0.0008451607985019423, 2.1964653709407066e-05, -0.0005562291042611705], [2.1964653709407066e-05, 0.00018246186342059834, -0.0005432967200198714], [-0.0005562291042611705, -0.0005432967200198714, 0.0026941225507499116]], "chi2": [128.80948853525854], "means": [1.180086687491563, 1.0416364272852743, 1.3799666360230063], "names": ["beta_signal", "ttjets", "wzjets"], "corr": [[1.0000474452972412, 0.05593477934598923, -0.3686445355415344], [0.05593477934598923, 1.000013828277588, -0.7749390006065369], [-0.3686445355415344, -0.7749390006065369, 1.0001020431518555]]}
