{"nbins": 29, "errors": [0.08408100771096916, 0.07185577582838631, 0.3830474776321202], "cov": [[0.007075233617077514, 0.004518384547224101, -0.02671658071614058], [0.004518384547224101, 0.005165853885789903, -0.026947153985776743], [-0.02671658071614058, -0.026947153985776743, 0.1469444794599343]], "chi2": [61.320127518795076], "means": [0.8784224395086733, 0.9347002935685975, 2.240715823686277], "names": ["beta_signal", "ttjets", "wzjets"], "corr": [[1.0007946491241455, 0.7478656768798828, -0.8295266628265381], [0.7478656768798828, 1.0005037784576416, -0.9790359139442444], [-0.8295266628265381, -0.9790359139442444, 1.0014933347702026]]}
