{"nbins": 29, "errors": [0.0, 0.0544192205278865, 0.16156276966319205], "cov": [[0.0, 0.0, 0.0], [0.0, 0.0029632172285527568, -0.008535382077135273], [0.0, -0.008535382077135273, 0.02610676298360036]], "chi2": [147.84507984287757], "means": [0.96, 0.6691007233599191, 2.634315215267542], "names": ["beta_signal", "ttjets", "wzjets"], "corr": [[NaN, NaN, NaN], [NaN, 1.0005961656570435, -0.9707990884780884], [NaN, -0.9707990884780884, 1.0001622438430786]]}
