{"nbins": 29, "errors": [0.23776850576356545, 0.08006648789462967, 5.262511684289988], "cov": [[0.05672427421785612, -0.001812823616853478, -0.044673454167138416], [-0.001812823616853478, 0.006415720528223141, -0.3966127634014007], [-0.044673454167138416, -0.3966127634014007, 27.701037433168995]], "chi2": [87.56004802585474], "means": [1.1585048885440075, 0.841786537858044, 17.586852669501965], "names": ["beta_signal", "ttjets", "wzjets"], "corr": [[1.0033681392669678, -0.09522487968206406, -0.03570278733968735], [-0.09522487968206406, 1.000792145729065, -0.9412886500358582], [-0.03570278733968735, -0.9412886500358582, 1.0002530813217163]]}
