{"nbins": 29, "errors": [0.1277893313158407, 0.026987668619592675, 0.902061604422961], "cov": [[0.016337908687223537, -0.0009107099756836112, 0.006949079931247445], [-0.0009107099756836112, 0.0007283748119330748, -0.021585864887133342], [0.006949079931247445, -0.021585864887133342, 0.822403969314106]], "chi2": [17.987248045233557], "means": [1.5256700311871167, 1.0375244145383187, 2.111813331636608], "names": ["beta_signal", "ttjets", "wzjets"], "corr": [[1.0004773139953613, -0.26407065987586975, 0.06028322875499725], [-0.26407065987586975, 1.0000556707382202, -0.8866819739341736], [0.06028322875499725, -0.8866819739341736, 1.0106779336929321]]}
