{"nbins": 58, "errors": [0.02259475845351284, 0.008450481656415643, 0.026745837199991466], "cov": [[0.0005105231095725901, 2.952144330986739e-06, -0.0002447364773369968], [2.952144330986739e-06, 7.141064022541727e-05, -0.00015486963972816971], [-0.0002447364773369968, -0.00015486963972816971, 0.0007153398075284474]], "chi2": [130.69766545301735], "means": [1.0511987298200154, 0.9092567539973222, 1.5519795361470963], "names": ["beta_signal", "ttjets", "wzjets"], "corr": [[1.0, 0.015461386181414127, -0.4049811363220215], [0.015461386181414127, 1.0, -0.6852177977561951], [-0.4049811363220215, -0.6852177977561951, 1.0]]}
