{"nbins": 58, "errors": [0.035657074843249204, 0.011412606575884165, 0.05725803763110093], "cov": [[0.0012715457696188376, 2.6364187356431297e-05, -0.0009313500688937275], [2.6364187356431297e-05, 0.0001302486980412181, -0.0004337655053629416], [-0.0009313500688937275, -0.0004337655053629416, 0.003278755210697328]], "chi2": [82.3824748666928], "means": [1.055114374494559, 1.107777205978925, 1.6084372248485796], "names": ["beta_signal", "ttjets", "wzjets"], "corr": [[1.0000934600830078, 0.064786396920681, -0.45617425441741943], [0.064786396920681, 1.000008463859558, -0.6637945771217346], [-0.45617425441741943, -0.6637945771217346, 1.000083088874817]]}
