{"nbins": 58, "errors": [0.02726663226126136, 0.00980216669469458, 0.031479630430435], "cov": [[0.0007435002425783966, -2.1683170114015775e-06, -0.0003497017856801057], [-2.1683170114015775e-06, 9.608308398084936e-05, -0.0001913500497682912], [-0.0003497017856801057, -0.0001913500497682912, 0.0009909929110480252]], "chi2": [123.43553504886061], "means": [1.1799117404575559, 1.101377794885567, 1.587036537991672], "names": ["beta_signal", "ttjets", "wzjets"], "corr": [[1.0000417232513428, -0.0081127705052495, -0.4074147343635559], [-0.0081127705052495, 1.0000063180923462, -0.6201215982437134], [-0.4074147343635559, -0.6201215982437134, 1.000025987625122]]}
