{"nbins": 58, "errors": [0.03556337682421962, 0.011722493219653352, 0.061199289223441644], "cov": [[0.0012649088986920343, 2.974824890168921e-05, -0.0010055982856358484], [2.974824890168921e-05, 0.000137418075178165, -0.0004652233315351265], [-0.0010055982856358484, -0.0004652233315351265, 0.003745578116008252]], "chi2": [67.86630686958549], "means": [0.9366414764123496, 1.1103059202923573, 1.9002928531739296], "names": ["beta_signal", "ttjets", "wzjets"], "corr": [[1.0001226663589478, 0.07135730236768723, -0.46203529834747314], [0.07135730236768723, 1.0000089406967163, -0.6484777927398682], [-0.46203529834747314, -0.6484777927398682, 1.0000600814819336]]}
