{"nbins": 58, "errors": [0.026741258283087266, 0.010167328633392758, 0.03468264927308251], "cov": [[0.000715130748687432, 3.673028427924685e-07, -0.00037696939449874867], [3.673028427924685e-07, 0.00010337528593375425, -0.000216547560609991], [-0.00037696939449874867, -0.000216547560609991, 0.001202911293002982]], "chi2": [142.4190104010034], "means": [1.076029867593272, 1.0975872209372466, 1.8468844875392474], "names": ["beta_signal", "ttjets", "wzjets"], "corr": [[1.0000501871109009, 0.0013509385753422976, -0.40645456314086914], [0.0013509385753422976, 1.000006914138794, -0.614093005657196], [-0.40645456314086914, -0.614093005657196, 1.0000208616256714]]}
