{"nbins": 58, "errors": [0.03610020578297646, 0.012272657951331034, 0.059186090306215355], "cov": [[0.001303350530726365, 4.068393874797371e-05, -0.0009916979876287292], [4.068393874797371e-05, 0.00015061944639582506, -0.0005058829769085155], [-0.0009916979876287292, -0.0005058829769085155, 0.003503355861088915]], "chi2": [86.98325846390549], "means": [1.052017915233109, 1.1648070208573338, 1.518114266471449], "names": ["beta_signal", "ttjets", "wzjets"], "corr": [[1.0000964403152466, 0.09182790666818619, -0.46414119005203247], [0.09182790666818619, 1.0000087022781372, -0.6964529752731323], [-0.46414119005203247, -0.6964529752731323, 1.00010347366333]]}
