{"nbins": 58, "errors": [0.027383600005647324, 0.010324846577466129, 0.03239378831016704], "cov": [[0.0007498939785606296, 1.6693074489203159e-06, -0.00035838029731695485], [1.6693074489203159e-06, 0.00010660317972856072, -0.0002177981573308999], [-0.00035838029731695485, -0.0002177981573308999, 0.0010493877815561687]], "chi2": [162.36920852861164], "means": [1.1666441764143975, 1.1204665187225502, 1.5599983767387506], "names": ["beta_signal", "ttjets", "wzjets"], "corr": [[1.000043272972107, 0.0059042153880000114, -0.40400975942611694], [0.0059042153880000114, 1.0000067949295044, -0.6511917114257812], [-0.40400975942611694, -0.6511917114257812, 1.0000288486480713]]}
