{"nbins": 58, "errors": [0.03566710841909049, 0.011966398218356433, 0.05875030115939672], "cov": [[0.0012722304219954111, 5.2063090564417456e-05, -0.0009898982374661252], [5.2063090564417456e-05, 0.00014319583832815124, -0.0005211003937278216], [-0.0009898982374661252, -0.0005211003937278216, 0.0034525599150182725]], "chi2": [96.68044055846377], "means": [1.1961384844100116, 1.1791064207852107, 1.0140428010106946], "names": ["beta_signal", "ttjets", "wzjets"], "corr": [[1.00006902217865, 0.12198279798030853, -0.4724029004573822], [0.12198279798030853, 1.0000079870224, -0.7412212491035461], [-0.4724029004573822, -0.7412212491035461, 1.0002787113189697]]}
