{"nbins": 58, "errors": [0.02669650044696481, 0.010308827030142353, 0.03229738986462438], "cov": [[0.0007127259495696921, 1.0211534810890209e-05, -0.0003455683457385143], [1.0211534810890209e-05, 0.0001062725681697328, -0.0002383926222869458], [-0.0003455683457385143, -0.0002383926222869458, 0.001043183482942006]], "chi2": [147.06820994484772], "means": [1.2902861434428239, 1.1650367242952298, 1.1717613131305318], "names": ["beta_signal", "ttjets", "wzjets"], "corr": [[1.0000320672988892, 0.03710457310080528, -0.4007856845855713], [0.03710457310080528, 1.0000061988830566, -0.7160051465034485], [-0.4007856845855713, -0.7160051465034485, 1.0000594854354858]]}
