{"nbins": 58, "errors": [0.04034106458362574, 0.01284991585914419, 0.08342059900455534], "cov": [[0.0016276258344990046, 5.22200348866702e-05, -0.0017376268151657011], [5.22200348866702e-05, 0.00016512215167925964, -0.0006862268170181814], [-0.0017376268151657011, -0.0006862268170181814, 0.0069598255453083594]], "chi2": [65.74866968975647], "means": [0.9932402245963734, 1.099757382137203, 1.8569544901283286], "names": ["beta_signal", "ttjets", "wzjets"], "corr": [[1.0001378059387207, 0.10073711723089218, -0.5163400769233704], [0.10073711723089218, 1.0000109672546387, -0.6401681900024414], [-0.5163400769233704, -0.6401681900024414, 1.0001192092895508]]}
