{"nbins": 58, "errors": [0.03030470908281435, 0.011489498559499545, 0.046804526261753354], "cov": [[0.0009184259303021583, 4.027159555737432e-06, -0.0005555285950908231], [4.027159555737432e-06, 0.00013200982411854022, -0.00035675421544719967], [-0.0005555285950908231, -0.00035675421544719967, 0.0021907737377551517]], "chi2": [94.55340554088505], "means": [1.1485324107177441, 1.0668005369978895, 1.668970727792158], "names": ["beta_signal", "ttjets", "wzjets"], "corr": [[1.0000550746917725, 0.011566118337213993, -0.39165928959846497], [0.011566118337213993, 1.0000094175338745, -0.6634072065353394], [-0.39165928959846497, -0.6634072065353394, 1.0000501871109009]]}
