{"nbins": 29, "errors": [0.27171992672971423, 0.13894831525275742, 8.928425230499643], "cov": [[0.07413094463452184, -0.01025922654638758, 0.44929521988500815], [-0.01025922654638758, 0.01937857098287283, -1.1952999816889711], [0.44929521988500815, -1.1952999816889711, 79.72737898937702]], "chi2": [183.79056185117588], "means": [1.1997134676108643, 0.6859181320132972, 27.55903104656649], "names": ["beta_signal", "ttjets", "wzjets"], "corr": [[1.004052758216858, -0.2717314064502716, 0.1851976364850998], [-0.2717314064502716, 1.0037260055541992, -0.9634934663772583], [0.1851976364850998, -0.9634934663772583, 1.0001330375671387]]}
