{"nbins": 29, "errors": [0.12780980596688707, 0.027160265356371616, 0.9044439774136213], "cov": [[0.016343159225033637, -0.0009236531692557779, 0.007321639269014594], [-0.0009236531692557779, 0.0007377215436199922, -0.021816988212543135], [0.007321639269014594, -0.021816988212543135, 0.8271017022271989]], "chi2": [17.960953514907928], "means": [1.5247666693807482, 1.0382922197117646, 2.0887369466823835], "names": ["beta_signal", "ttjets", "wzjets"], "corr": [[1.0004782676696777, -0.2660790979862213, 0.06333772838115692], [-0.2660790979862213, 1.000056266784668, -0.8881352543830872], [0.06333772838115692, -0.8881352543830872, 1.0111033916473389]]}
