{"nbins": 29, "errors": [0.05479252980948101, 0.03046727981553276, 0.183597317055289], "cov": [[0.003002221322922865, 0.0007710211893435355, -0.006601613171426342], [0.0007710211893435355, 0.0009282551393579699, -0.005050449643852598], [-0.006601613171426342, -0.005050449643852598, 0.03370797482990032]], "chi2": [42.81569443332967], "means": [0.9278761407071938, 1.0220686269789085, 1.5954555658801939], "names": ["beta_signal", "ttjets", "wzjets"], "corr": [[1.0, 0.4618609845638275, -0.6562395095825195], [0.4618609845638275, 1.0, -0.9028800129890442], [-0.6562395095825195, -0.9028800129890442, 1.0]]}
