{"nbins": 29, "errors": [0.0368107815924022, 0.04887419920138964, 0.16156960741747117], "cov": [[0.0013550336414435366, 0.0007521097623227552, -0.0030649029909860736], [0.0007521097623227552, 0.002388687347577116, -0.007679800219824557], [-0.0030649029909860736, -0.007679800219824557, 0.026104738041035757]], "chi2": [31.601807983995798], "means": [1.1359548724172526, 0.9979554458785846, 1.4294709528262508], "names": ["beta_signal", "ttjets", "wzjets"], "corr": [[1.0, 0.4180483818054199, -0.5153259634971619], [0.4180483818054199, 1.0, -0.9725469946861267], [-0.5153259634971619, -0.9725469946861267, 1.0]]}
