{"nbins": 58, "errors": [0.03722775761894781, 0.012452159096350446, 0.08562158339061177], "cov": [[0.0013860591569212872, 6.0494420848001434e-05, -0.0016765603373687734], [6.0494420848001434e-05, 0.00015505790111726683, -0.0007325410365814641], [-0.0016765603373687734, -0.0007325410365814641, 0.007332837552710002]], "chi2": [53.759488372466976], "means": [1.0190389657066876, 1.089806109219058, 1.4532573293753313], "names": ["beta_signal", "ttjets", "wzjets"], "corr": [[1.0001105070114136, 0.1304979771375656, -0.5259798169136047], [0.1304979771375656, 1.0000104904174805, -0.6870748400688171], [-0.5259798169136047, -0.6870748400688171, 1.000243067741394]]}
