{"nbins": 58, "errors": [0.028060245081282575, 0.011274641927093265, 0.0498397492779763], "cov": [[0.000787414916514336, 1.0902322710202932e-05, -0.0005381417396086331], [1.0902322710202932e-05, 0.000127118713758796, -0.0004052904242411774], [-0.0005381417396086331, -0.0004052904242411774, 0.0024842261401107056]], "chi2": [96.5710655792587], "means": [1.1432941887164536, 1.0641372920344656, 1.3991158524446274], "names": ["beta_signal", "ttjets", "wzjets"], "corr": [[1.0000476837158203, 0.03446075692772865, -0.3847949504852295], [0.03446075692772865, 1.0000091791152954, -0.7212531566619873], [-0.3847949504852295, -0.7212531566619873, 1.0000908374786377]]}
