{"nbins": 29, "errors": [0.04469997093297204, 0.026116296643200088, 0.1411202633774798], "cov": [[0.0019980874014085452, 0.0005412302515267044, -0.004148440813744799], [0.0005412302515267044, 0.0006820609503556242, -0.003323515026328045], [-0.004148440813744799, -0.003323515026328045, 0.019914928735729264]], "chi2": [52.878336191460676], "means": [0.8547431239508884, 0.9459952727771699, 1.2411890104805294], "names": ["beta_signal", "ttjets", "wzjets"], "corr": [[1.0, 0.4636211395263672, -0.6576400995254517], [0.4636211395263672, 1.0, -0.9017718434333801], [-0.6576400995254517, -0.9017718434333801, 1.0]]}
