{"nbins": 29, "errors": [0.036508517719756786, 0.04518434001462203, 0.145866451811], "cov": [[0.0013328718660937952, 0.0008042346342873207, -0.003125602732051784], [0.0008042346342873207, 0.0020416245825569737, -0.006390081461006645], [-0.003125602732051784, -0.006390081461006645, 0.021277021763930783]], "chi2": [44.132928324045], "means": [1.1221075181456721, 1.0177141345701515, 1.4821439360212634], "names": ["beta_signal", "ttjets", "wzjets"], "corr": [[1.0, 0.4875291883945465, -0.5869271159172058], [0.4875291883945465, 1.0, -0.9695339798927307], [-0.5869271159172058, -0.9695339798927307, 1.0]]}
