{"nbins": 58, "errors": [0.03698598149303169, 0.011059508928192817, 0.04905467968259911], "cov": [[0.001367962827002883, 3.363427485721206e-05, -0.000815641870406024], [3.363427485721206e-05, 0.00012231273773277663, -0.0003847072260781966], [-0.000815641870406024, -0.0003847072260781966, 0.002406361598762402]], "chi2": [110.92918547100822], "means": [0.919542037996889, 0.9615032251976346, 1.2038504526155613], "names": ["beta_signal", "ttjets", "wzjets"], "corr": [[1.0, 0.0822259858250618, -0.44955405592918396], [0.0822259858250618, 1.0, -0.7091107368469238], [-0.44955405592918396, -0.7091107368469238, 1.0]]}
