{"nbins": 58, "errors": [0.028834323210643012, 0.010133843841009908, 0.031964346645295204], "cov": [[0.0008314181950158263, 3.81715287667167e-06, -0.0003670632655832297], [3.81715287667167e-06, 0.00010269479099397444, -0.00021663424594398181], [-0.0003670632655832297, -0.00021663424594398181, 0.0010217194564605947]], "chi2": [131.77685182526966], "means": [1.212842718982784, 1.0793043606724313, 1.4242626068385247], "names": ["beta_signal", "ttjets", "wzjets"], "corr": [[1.0, 0.013063380494713783, -0.3982587456703186], [0.013063380494713783, 1.0, -0.6687858700752258], [-0.3982587456703186, -0.6687858700752258, 1.0]]}
