{"nbins": 58, "errors": [0.04700219327668629, 0.013403977272070395, 0.09395958832772536], "cov": [[0.002209206172818974, 7.503792913245876e-05, -0.0025383329035820754], [7.503792913245876e-05, 0.00017966660671017972, -0.000891749722737517], [-0.0025383329035820754, -0.000891749722737517, 0.008828404238715623]], "chi2": [77.53489957997306], "means": [0.8192151484523653, 0.9693160446024063, 1.1722561687752697], "names": ["beta_signal", "ttjets", "wzjets"], "corr": [[1.0, 0.11910473555326462, -0.5747637152671814], [0.11910473555326462, 1.0, -0.7080569863319397], [-0.5747637152671814, -0.7080569863319397, 1.0]]}
