{"nbins": 58, "errors": [0.04113032056721549, 0.01132904869152961, 0.054233342941884644], "cov": [[0.0016917032699619093, 4.2384506387957194e-05, -0.0012724435562415943], [4.2384506387957194e-05, 0.00012834734425504877, -0.00041409135509662463], [-0.0012724435562415943, -0.00041409135509662463, 0.0029412554866520687]], "chi2": [106.59815462646996], "means": [1.2524170685749956, 1.060983406631803, 1.285147338590242], "names": ["beta_signal", "ttjets", "wzjets"], "corr": [[1.0, 0.09096024185419083, -0.5704401135444641], [0.09096024185419083, 1.0, -0.6739634275436401], [-0.5704401135444641, -0.6739634275436401, 1.0]]}
