{"nbins": 58, "errors": [0.04020979371293576, 0.01588664759051661, 0.08042824280156724], "cov": [[0.0016170145147802921, 9.798032665088399e-05, -0.0017601764061513899], [9.798032665088399e-05, 0.0002523898848549972, -0.0008981641441639714], [-0.0017601764061513899, -0.0008981641441639714, 0.006470236010203064]], "chi2": [113.34535926134402], "means": [1.067135347275968, 1.0917666051964585, 1.3980461173069174], "names": ["beta_signal", "ttjets", "wzjets"], "corr": [[1.0001156330108643, 0.15338213741779327, -0.54427170753479], [0.15338213741779327, 1.0000170469284058, -0.7029345035552979], [-0.54427170753479, -0.7029345035552979, 1.0002371072769165]]}
