{"nbins": 58, "errors": [0.029689755632804404, 0.014163414914577288, 0.03334705528670234], "cov": [[0.0008815282144982763, 3.901333742479728e-05, -0.0004242824876913358], [3.901333742479728e-05, 0.0002006049239602894, -0.0003531621373980108], [-0.0004242824876913358, -0.0003531621373980108, 0.0011121502342838383]], "chi2": [126.45888753856235], "means": [1.1478574861891286, 1.1129258124821182, 0.9225474420326563], "names": ["beta_signal", "ttjets", "wzjets"], "corr": [[1.0000529289245605, 0.09277661144733429, -0.4285396337509155], [0.09277661144733429, 1.000012993812561, -0.7477366328239441], [-0.4285396337509155, -0.7477366328239441, 1.0001115798950195]]}
