{"nbins": 58, "errors": [0.03521230086136029, 0.011685660711905577, 0.06583348102386921], "cov": [[0.001240003158849895, 4.502832720821448e-05, -0.0010803261980324539], [4.502832720821448e-05, 0.00013655584794969964, -0.0005583545720421252], [-0.0010803261980324539, -0.0005583545720421252, 0.004334779991404274]], "chi2": [83.01572728799178], "means": [1.1242701961235597, 1.1222299605819734, 1.3643263600701512], "names": ["beta_signal", "ttjets", "wzjets"], "corr": [[1.0000782012939453, 0.10943043977022171, -0.4660297930240631], [0.10943043977022171, 1.0000087022781372, -0.7257883548736572], [-0.4660297930240631, -0.7257883548736572, 1.000169038772583]]}
