{"nbins": 58, "errors": [0.02657402093261063, 0.010017695644298108, 0.03680863859581507], "cov": [[0.0007062041521959597, 8.107669657415949e-06, -0.0003948995808142149], [8.107669657415949e-06, 0.00010035489256400054, -0.0002566948540991185], [-0.0003948995808142149, -0.0002566948540991185, 0.001354932602564542]], "chi2": [124.78133801760994], "means": [1.2238155116977025, 1.1021769395079803, 1.4922366592281997], "names": ["beta_signal", "ttjets", "wzjets"], "corr": [[1.0000362396240234, 0.03045586496591568, -0.403719425201416], [0.03045586496591568, 1.0000066757202148, -0.6961447596549988], [-0.403719425201416, -0.6961447596549988, 1.0000418424606323]]}
