{"nbins": 58, "errors": [0.05041954844321666, 0.0120919007728197, 0.06825309057908516], "cov": [[0.0025421308652178714, 6.038637156958172e-05, -0.002069579675291533], [6.038637156958172e-05, 0.00014621406429971766, -0.000558535606612606], [-0.002069579675291533, -0.000558535606612606, 0.004658484373596803]], "chi2": [160.91228258446543], "means": [1.0668727219011525, 1.1019299500436057, 1.3476207941351674], "names": ["beta_signal", "ttjets", "wzjets"], "corr": [[1.0, 0.09904792904853821, -0.6013965010643005], [0.09904792904853821, 1.0, -0.676758885383606], [-0.6013965010643005, -0.676758885383606, 1.0]]}
