{"nbins": 58, "errors": [0.03693392424694229, 0.010369027786492587, 0.043629768661218114], "cov": [[0.0013641147602788718, 2.8794700909252807e-05, -0.0009087172928019408], [2.8794700909252807e-05, 0.00010751673723705536, -0.0003043694818249143], [-0.0009087172928019408, -0.0003043694818249143, 0.0019035567134314103]], "chi2": [246.72847488088524], "means": [1.2059157321556937, 1.0759403938781043, 1.3062629664613465], "names": ["beta_signal", "ttjets", "wzjets"], "corr": [[1.0, 0.07518809288740158, -0.5639237761497498], [0.07518809288740158, 1.0, -0.6727909445762634], [-0.5639237761497498, -0.6727909445762634, 1.0]]}
