{"nbins": 29, "errors": [0.051564993983662495, 0.03895043745294695, 0.12784993102044684], "cov": [[0.0026589486045351493, 0.0009184589050221102, -0.003857487892131499], [0.0009184589050221102, 0.0015171365777759324, -0.004742136923475935], [-0.003857487892131499, -0.004742136923475935, 0.016345604861933014]], "chi2": [37.72998867565457], "means": [1.0103197055587343, 1.0184735660176947, 1.4572086405649707], "names": ["beta_signal", "ttjets", "wzjets"], "corr": [[1.0, 0.45729073882102966, -0.5851256251335144], [0.45729073882102966, 1.0, -0.9522725343704224], [-0.5851256251335144, -0.9522725343704224, 1.0]]}
