{"nbins": 29, "errors": [0.03661466358187079, 0.042582023211540976, 0.10110269424192796], "cov": [[0.0013406335892135754, 0.0006558832257454999, -0.001974861133951682], [0.0006558832257454999, 0.0018132287007882144, -0.004148755106465579], [-0.001974861133951682, -0.004148755106465579, 0.010221754782976773]], "chi2": [54.60438385406587], "means": [1.158549181430472, 0.971255414986157, 1.5577005429744988], "names": ["beta_signal", "ttjets", "wzjets"], "corr": [[1.0, 0.42067351937294006, -0.5334807634353638], [0.42067351937294006, 1.0, -0.9636709690093994], [-0.5334807634353638, -0.9636709690093994, 1.0]]}
