{"nbins": 58, "errors": [0.03845362006123265, 0.012946227819862433, 0.08124267275656627], "cov": [[0.001478814506732601, 7.861283902696837e-05, -0.0016955492500027173], [7.861283902696837e-05, 0.00016760643924666464, -0.0007533020961699668], [-0.0016955492500027173, -0.0007533020961699668, 0.0066036918767232704]], "chi2": [69.83046093560816], "means": [1.1393780574925474, 1.1652877065195888, 1.0397357614462766], "names": ["beta_signal", "ttjets", "wzjets"], "corr": [[1.0000903606414795, 0.15791122615337372, -0.5427364110946655], [0.15791122615337372, 1.0000096559524536, -0.7162122130393982], [-0.5427364110946655, -0.7162122130393982, 1.0005029439926147]]}
