{"nbins": 58, "errors": [0.02824948886761991, 0.011926063208665294, 0.04684796494728971], "cov": [[0.0007980647057383996, 1.742116273348626e-05, -0.0005013665337712387], [1.742116273348626e-05, 0.00014223216432934283, -0.00042455761616315527], [-0.0005013665337712387, -0.00042455761616315527, 0.002195111286219539]], "chi2": [106.43485506705561], "means": [1.2481859014757632, 1.1609010873404455, 1.0245963621054721], "names": ["beta_signal", "ttjets", "wzjets"], "corr": [[1.000038981437683, 0.05170939117670059, -0.3788384199142456], [0.05170939117670059, 1.0000083446502686, -0.759886622428894], [-0.3788384199142456, -0.759886622428894, 1.0001728534698486]]}
