{"nbins": 58, "errors": [0.03930840120168311, 0.014775147469350935, 0.05711547057407107], "cov": [[0.0015452864643585786, 4.049097109493018e-05, -0.0008829648257071614], [4.049097109493018e-05, 0.00021830846224210805, -0.000636392988690879], [-0.0008829648257071614, -0.000636392988690879, 0.00326253911404409]], "chi2": [68.96828690338532], "means": [1.172455464114857, 1.0578212099889486, 1.4383808059078658], "names": ["beta_signal", "ttjets", "wzjets"], "corr": [[1.000088095664978, 0.06971736997365952, -0.3932821750640869], [0.06971736997365952, 1.0000159740447998, -0.7541188597679138], [-0.3932821750640869, -0.7541188597679138, 1.0001109838485718]]}
