{"nbins": 58, "errors": [0.028962520965410965, 0.01266286307034159, 0.03865167646211698], "cov": [[0.0008388626387168341, 9.131760936601044e-06, -0.0004154836988155744], [9.131760936601044e-06, 0.0001603501444454227, -0.0003527758212660917], [-0.0004154836988155744, -0.0003527758212660917, 0.0014940256553651397]], "chi2": [83.80851174695997], "means": [1.2384888598952002, 1.0205070163070045, 1.4559443828964662], "names": ["beta_signal", "ttjets", "wzjets"], "corr": [[1.0000417232513428, 0.024899249896407127, -0.37114983797073364], [0.024899249896407127, 1.000012755393982, -0.7207731008529663], [-0.37114983797073364, -0.7207731008529663, 1.0000492334365845]]}
