{"nbins": 58, "errors": [0.04613560494763323, 0.014920790456007695, 0.10836642106524763], "cov": [[0.0021284940438840803, 0.00011914202309244192, -0.002723916772368158], [0.00011914202309244192, 0.0002226299878320903, -0.0011734396044819778], [-0.002723916772368158, -0.0011734396044819778, 0.011743281214490546]], "chi2": [76.28107918405027], "means": [0.9818116339499915, 1.0686048096477234, 1.3344433669685571], "names": ["beta_signal", "ttjets", "wzjets"], "corr": [[1.0, 0.17307603359222412, -0.5448323488235474], [0.17307603359222412, 1.0, -0.7257285118103027], [-0.5448323488235474, -0.7257285118103027, 1.0]]}
