{"nbins": 58, "errors": [0.032055507293534596, 0.01352407215755617, 0.05656780570911356], "cov": [[0.0010275555478458497, 1.787928617606384e-05, -0.0006419711070570092], [1.787928617606384e-05, 0.000182900527722786, -0.0005878616835936644], [-0.0006419711070570092, -0.0005878616835936644, 0.0031999166427440205]], "chi2": [73.57448388863219], "means": [1.1706213749046523, 1.0318221021186103, 1.3080491276189408], "names": ["beta_signal", "ttjets", "wzjets"], "corr": [[1.0, 0.04124202951788902, -0.3540327847003937], [0.04124202951788902, 1.0, -0.7684194445610046], [-0.3540327847003937, -0.7684194445610046, 1.0]]}
