{"nbins": 29, "errors": [0.17239804358370195, 0.04271998566114189, 2.6280121490061092], "cov": [[0.029721085431487996, 1.4290501572022983e-05, -0.0820560105540258], [1.4290501572022983e-05, 0.001824997174888169, -0.1038471113926947], [-0.0820560105540258, -0.1038471113926947, 6.906447855323709]], "chi2": [35.44729774896351], "means": [1.075462007950867, 0.8821226296791772, 5.493220348088973], "names": ["beta_signal", "ttjets", "wzjets"], "corr": [[1.0, 0.0019403677433729172, -0.18111345171928406], [0.0019403677433729172, 1.0, -0.9249876737594604], [-0.18111345171928406, -0.9249876737594604, 1.0]]}
