{"nbins": 29, "errors": [0.12808561917639538, 0.02743606701842733, 0.9051484593976924], "cov": [[0.016405925839800585, -0.0009389374370136896, 0.007591429959243792], [-0.0009389374370136896, 0.000752737773439636, -0.021996954048802416], [0.007591429959243792, -0.021996954048802416, 0.819293733550016]], "chi2": [18.484418932295497], "means": [1.5148538871443327, 1.039899825327731, 1.9506684425540797], "names": ["beta_signal", "ttjets", "wzjets"], "corr": [[1.0, -0.2671864628791809, 0.06547920405864716], [-0.2671864628791809, 1.0, -0.885769784450531], [0.06547920405864716, -0.885769784450531, 1.0]]}
