{"nbins": 58, "errors": [0.039476612960286706, 0.012871690178025696, 0.0871956898812829], "cov": [[0.0015585930959825807, 5.240474306844713e-05, -0.0017671220412617838], [5.240474306844713e-05, 0.00016568219292764075, -0.0007285541449896322], [-0.0017671220412617838, -0.0007285541449896322, 0.007604111337429742]], "chi2": [58.90764132967428], "means": [1.027248559720797, 1.1103223090679268, 1.8350987341787453], "names": ["beta_signal", "ttjets", "wzjets"], "corr": [[1.0001219511032104, 0.10313240438699722, -0.5133713483810425], [0.10313240438699722, 1.0000107288360596, -0.649129331111908], [-0.5133713483810425, -0.649129331111908, 1.0001345872879028]]}
