{"nbins": 58, "errors": [0.029994722649840933, 0.011826994974540206, 0.051508748977686425], "cov": [[0.0008997301890010933, 8.037956670777227e-06, -0.0006086977550937185], [8.037956670777227e-06, 0.00013987912562693435, -0.0004144581012398748], [-0.0006086977550937185, -0.0004144581012398748, 0.0026532977973905947]], "chi2": [94.532045065647], "means": [1.1654434177167308, 1.0949812744256855, 1.729357155033973], "names": ["beta_signal", "ttjets", "wzjets"], "corr": [[1.0000519752502441, 0.022658251225948334, -0.3939815163612366], [0.022658251225948334, 1.0000094175338745, -0.6803387403488159], [-0.3939815163612366, -0.6803387403488159, 1.000055193901062]]}
