{"nbins": 58, "errors": [0.049575382741482654, 0.013959654092357221, 0.09561266376312871], "cov": [[0.0024581515535121016, 5.856979926404219e-05, -0.0026656332579197374], [5.856979926404219e-05, 0.00019487449042679487, -0.0009312596575217017], [-0.0026656332579197374, -0.0009312596575217017, 0.009144705724668844]], "chi2": [106.51133381292101], "means": [1.066344029164377, 1.0959177821789141, 1.4236875212036986], "names": ["beta_signal", "ttjets", "wzjets"], "corr": [[1.000176191329956, 0.08463168889284134, -0.5623658299446106], [0.08463168889284134, 1.0000131130218506, -0.6977192759513855], [-0.5623658299446106, -0.6977192759513855, 1.0003198385238647]]}
