{"nbins": 58, "errors": [0.03863130939371873, 0.011650854557087698, 0.05301140071675592], "cov": [[0.0014924863412895042, 2.5106364240149764e-05, -0.0010655615775805767], [2.5106364240149764e-05, 0.00013574372504179133, -0.0004314561737547457], [-0.0010655615775805767, -0.0004314561737547457, 0.0028105703207264424]], "chi2": [178.17702893593227], "means": [1.2502622266100176, 1.0686335088858274, 1.2805254811904243], "names": ["beta_signal", "ttjets", "wzjets"], "corr": [[1.0000725984573364, 0.055781040340662, -0.5203191637992859], [0.055781040340662, 1.0000096559524536, -0.6985695362091064], [-0.5203191637992859, -0.6985695362091064, 1.0001287460327148]]}
