{"nbins": 29, "errors": [0.04510220666002107, 0.036600925441939935, 0.11544134019152441], "cov": [[0.002034475439890181, 0.0006127892262373416, -0.002697541715698413], [0.0006127892262373416, 0.0013397804161172648, -0.003966326862766419], [-0.002697541715698413, -0.003966326862766419, 0.01333091152750485]], "chi2": [33.78325312312802], "means": [1.1151777149956894, 0.9913628227416387, 1.6500160317477262], "names": ["beta_signal", "ttjets", "wzjets"], "corr": [[1.0001310110092163, 0.37121137976646423, -0.518094539642334], [0.37121137976646423, 1.0001139640808105, -0.9387178421020508], [-0.518094539642334, -0.9387178421020508, 1.00031578540802]]}
