{"nbins": 29, "errors": [0.03192115998310463, 0.037972236639530865, 0.08842271769417387], "cov": [[0.0010190150610365797, 0.00040669211181031, -0.0013305157308456923], [0.00040669211181031, 0.0014420603528913088, -0.003193327793357501], [-0.0013305157308456923, -0.003193327793357501, 0.007820467566551591]], "chi2": [41.84144321946667], "means": [1.2112517390337425, 1.0093756669960459, 1.4924938551889135], "names": ["beta_signal", "ttjets", "wzjets"], "corr": [[1.0000536441802979, 0.335521936416626, -0.4713868796825409], [0.335521936416626, 1.0001176595687866, -0.9510721564292908], [-0.4713868796825409, -0.9510721564292908, 1.000241756439209]]}
