{"nbins": 58, "errors": [0.036601291143369075, 0.011801304498651133, 0.05815823941516274], "cov": [[0.0013397816030144016, 3.314656768750068e-05, -0.0009831737258149706], [3.314656768750068e-05, 0.00013927200717534226, -0.00046133162390863156], [-0.0009831737258149706, -0.00046133162390863156, 0.0033826612820103096]], "chi2": [79.34258155461924], "means": [1.0716445638792664, 1.125968758203613, 1.6283273357047388], "names": ["beta_signal", "ttjets", "wzjets"], "corr": [[1.0000948905944824, 0.07673829793930054, -0.46187302470207214], [0.07673829793930054, 1.0000087022781372, -0.6721588969230652], [-0.46187302470207214, -0.6721588969230652, 1.0000829696655273]]}
