{"nbins": 58, "errors": [0.027632774987377262, 0.010004620821797205, 0.03200128689328863], "cov": [[0.0007636024397047375, 3.902775117543301e-08, -0.00036078561126801366], [3.902775117543301e-08, 0.00010009311520036573, -0.00020222192207271784], [-0.00036078561126801366, -0.00020222192207271784, 0.0010241090311306645]], "chi2": [124.38139773873093], "means": [1.1876512138928899, 1.0923952394231855, 1.6060429326510217], "names": ["beta_signal", "ttjets", "wzjets"], "corr": [[1.000042200088501, 0.00014117194223217666, -0.4079972803592682], [0.00014117194223217666, 1.0000067949295044, -0.6316262483596802], [-0.4079972803592682, -0.6316262483596802, 1.000025987625122]]}
