{"nbins": 29, "errors": [0.025092373002021, 0.026624460620762687, 0.061652015031215146], "cov": [[0.0006296271828725524, 0.00024536442955078305, -0.000793878048984718], [0.00024536442955078305, 0.000708861903346543, -0.0015573268355523885], [-0.000793878048984718, -0.0015573268355523885, 0.0038009709574091783]], "chi2": [73.15079812129926], "means": [1.0481334678288483, 0.9594678481477843, 1.4523841421855028], "names": ["beta_signal", "ttjets", "wzjets"], "corr": [[1.0, 0.3672730326652527, -0.5131741762161255], [0.3672730326652527, 1.0, -0.9487497210502625], [-0.5131741762161255, -0.9487497210502625, 1.0]]}
