{"nbins": 58, "errors": [0.03851576096374609, 0.012484753689631312, 0.08339947959981209], "cov": [[0.001483628851901496, 6.799414720217997e-05, -0.0017163352220915789], [6.799414720217997e-05, 0.00015587072634721763, -0.0007211472846535842], [-0.0017163352220915789, -0.0007211472846535842, 0.006957243681894971]], "chi2": [55.17365063919253], "means": [1.046178076991985, 1.0899400240696542, 1.3989595471965646], "names": ["beta_signal", "ttjets", "wzjets"], "corr": [[1.0001112222671509, 0.14140118658542633, -0.5343186259269714], [0.14140118658542633, 1.00001060962677, -0.6925970911979675], [-0.5343186259269714, -0.6925970911979675, 1.000254511833191]]}
