{"nbins": 58, "errors": [0.028607641111123794, 0.011216008049194759, 0.04687417279455186], "cov": [[0.0008184345854009438, 1.1075457367961026e-05, -0.0005142118548387341], [1.1075457367961026e-05, 0.0001257999696152959, -0.0003798476217027211], [-0.0005142118548387341, -0.0003798476217027211, 0.0021973964035434785]], "chi2": [93.02802453222098], "means": [1.1814241548527162, 1.0665454502852367, 1.3110526820873196], "names": ["beta_signal", "ttjets", "wzjets"], "corr": [[1.0000457763671875, 0.03451765701174736, -0.38346561789512634], [0.03451765701174736, 1.0000090599060059, -0.7224993705749512], [-0.38346561789512634, -0.7224993705749512, 1.0000947713851929]]}
