{"nbins": 58, "errors": [0.05790585414217464, 0.014293920119780923, 0.06220580919774199], "cov": [[0.003353738635333614, 8.334688817378854e-05, -0.0021138577966693553], [8.334688817378854e-05, 0.00020431913514543687, -0.0006087387830344956], [-0.0021138577966693553, -0.0006087387830344956, 0.003870101589526349]], "chi2": [61.04251678482818], "means": [1.1653230669609216, 1.0674705377232239, 1.4076957798866654], "names": ["beta_signal", "ttjets", "wzjets"], "corr": [[1.0001940727233887, 0.10069677978754044, -0.5868435502052307], [0.10069677978754044, 1.0000145435333252, -0.6846185922622681], [-0.5868435502052307, -0.6846185922622681, 1.0001392364501953]]}
