{"nbins": 58, "errors": [0.04614791880815927, 0.012187750608280923, 0.04471227619183571], "cov": [[0.0021298165241153723, 5.877647113296845e-05, -0.0012937151181212922], [5.877647113296845e-05, 0.00014854306577173152, -0.0003520260278503815], [-0.0012937151181212922, -0.0003520260278503815, 0.001999325603232156]], "chi2": [111.79425780281704], "means": [1.3372808863536103, 1.0089572861850176, 1.4303619912643821], "names": ["beta_signal", "ttjets", "wzjets"], "corr": [[1.0000873804092407, 0.10450277477502823, -0.6269887685775757], [0.10450277477502823, 1.0000121593475342, -0.6459879875183105], [-0.6269887685775757, -0.6459879875183105, 1.00006902217865]]}
