{"nbins": 58, "errors": [0.03700333483366558, 0.011868466557633406, 0.06272075489302598], "cov": [[0.001369386714481214, 3.509087084018125e-05, -0.0010854862573620014], [3.509087084018125e-05, 0.00014086175025520523, -0.0004984206267751939], [-0.0010854862573620014, -0.0004984206267751939, 0.003934199791890215]], "chi2": [81.03962085179265], "means": [1.0482202695113827, 1.1242843821020396, 1.7609960773754998], "names": ["beta_signal", "ttjets", "wzjets"], "corr": [[1.000102162361145, 0.07990218698978424, -0.4677051901817322], [0.07990218698978424, 1.0000089406967163, -0.669560968875885], [-0.4677051901817322, -0.669560968875885, 1.0000779628753662]]}
