{"nbins": 58, "errors": [0.027776798155888738, 0.010245112990547645, 0.03542492279659548], "cov": [[0.00077158444822842, 1.738850710056001e-06, -0.0004023751769313143], [1.738850710056001e-06, 0.00010496305900773536, -0.00023043455533368692], [-0.0004023751769313143, -0.00023043455533368692, 0.0012549561719573151]], "chi2": [123.40862021351514], "means": [1.1722462065871304, 1.1087407523021096, 1.764734397854364], "names": ["beta_signal", "ttjets", "wzjets"], "corr": [[1.0000439882278442, 0.006110311485826969, -0.40892162919044495], [0.006110311485826969, 1.0000067949295044, -0.6349242925643921], [-0.40892162919044495, -0.6349242925643921, 1.000024676322937]]}
