{"nbins": 29, "errors": [0.11623678121363311, 0.022487381871146364, 0.7212284843622111], "cov": [[0.01351098930690601, -0.0008450140262250386, 0.00780536778204813], [-0.0008450140262250386, 0.0005056823434187621, -0.014123420769380434], [0.00780536778204813, -0.014123420769380434, 0.5201705266554122]], "chi2": [16.898433794740498], "means": [1.1241623552532636, 0.8979185899492749, 0.7672355872335259], "names": ["beta_signal", "ttjets", "wzjets"], "corr": [[1.0, -0.3232819437980652, 0.09310583770275116], [-0.3232819437980652, 1.0, -0.8708194494247437], [0.09310583770275116, -0.8708194494247437, 1.0]]}
