{"nbins": 58, "errors": [0.038222108570645785, 0.012888089568370509, 0.08626712245650459], "cov": [[0.0014611681932265152, 4.476683221472555e-05, -0.0016798036852966611], [4.476683221472555e-05, 0.00016610464614137617, -0.0006892133269572401], [-0.0016798036852966611, -0.0006892133269572401, 0.007442721534114402]], "chi2": [53.73625938987459], "means": [0.879665842278686, 1.1104722058953271, 2.0627765891457224], "names": ["beta_signal", "ttjets", "wzjets"], "corr": [[1.0001633167266846, 0.09087683260440826, -0.5094465017318726], [0.09087683260440826, 1.0000108480453491, -0.6198973655700684], [-0.5094465017318726, -0.6198973655700684, 1.0000947713851929]]}
