{"nbins": 58, "errors": [0.029524201456384125, 0.011788850349156776, 0.05092914380496594], "cov": [[0.000871733287536887, 6.6825347865654035e-06, -0.0005957275168011298], [6.6825347865654035e-06, 0.0001389782991094409, -0.00039402198411094057], [-0.0005957275168011298, -0.00039402198411094057, 0.0025938929882852405]], "chi2": [114.54261852428824], "means": [1.0632508225184596, 1.092199973250084, 1.855944391986855], "names": ["beta_signal", "ttjets", "wzjets"], "corr": [[1.0000629425048828, 0.01919957436621189, -0.3961896598339081], [0.01919957436621189, 1.0000094175338745, -0.6562700867652893], [-0.3961896598339081, -0.6562700867652893, 1.0000444650650024]]}
