{"nbins": 29, "errors": [0.045079820585438385, 0.02690552600343211, 0.14418010267411416], "cov": [[0.0020321902240153147, 0.0005483155488685092, -0.004224058334697506], [0.0005483155488685092, 0.0007239073295213616, -0.0034894016316974036], [-0.004224058334697506, -0.0034894016316974036, 0.0207879020071181]], "chi2": [47.688662586418104], "means": [1.0263492910569514, 1.0809239948576985, 1.5222649032890787], "names": ["beta_signal", "ttjets", "wzjets"], "corr": [[1.0, 0.45207124948501587, -0.6498938202857971], [0.45207124948501587, 1.0, -0.899506151676178], [-0.6498938202857971, -0.899506151676178, 1.0]]}
