{"nbins": 29, "errors": [0.03585233068262648, 0.04559184519948549, 0.14888832488057194], "cov": [[0.0012853896153764, 0.0008410905786124923, -0.003257861393356377], [0.0008410905786124923, 0.002078616348693848, -0.0065933919168339825], [-0.003257861393356377, -0.0065933919168339825, 0.022167733285742737]], "chi2": [48.928156360870844], "means": [1.13611288638349, 1.0137968983679044, 1.5090787430926842], "names": ["beta_signal", "ttjets", "wzjets"], "corr": [[1.0, 0.5145626068115234, -0.61031574010849], [0.5145626068115234, 1.0, -0.9713171720504761], [-0.61031574010849, -0.9713171720504761, 1.0]]}
