{"nbins": 58, "errors": [0.03842185217432936, 0.012487413630279054, 0.0830234320836134], "cov": [[0.0014764018034941677, 6.640063295831163e-05, -0.001695630216093367], [6.640063295831163e-05, 0.00015593714988172458, -0.000717605014500554], [-0.001695630216093367, -0.000717605014500554, 0.006894643563646735]], "chi2": [55.10771372128913], "means": [1.047062501620815, 1.0905891300358035, 1.39444785711189], "names": ["beta_signal", "ttjets", "wzjets"], "corr": [[1.0001105070114136, 0.13839532434940338, -0.5315598249435425], [0.13839532434940338, 1.00001060962677, -0.6921692490577698], [-0.5315598249435425, -0.6921692490577698, 1.0002543926239014]]}
