{"nbins": 58, "errors": [0.03894078179604066, 0.012767275859836724, 0.08751575817510204], "cov": [[0.0015165777100192078, 5.309428418169644e-05, -0.0017664724926318234], [5.309428418169644e-05, 0.00016300509683568, -0.0007252942509389295], [-0.0017664724926318234, -0.0007252942509389295, 0.00766004924389703]], "chi2": [59.92958264244234], "means": [0.9966475678647944, 1.100773350382243, 1.8330642053186668], "names": ["beta_signal", "ttjets", "wzjets"], "corr": [[1.0001274347305298, 0.10679350793361664, -0.5183414816856384], [0.10679350793361664, 1.0000108480453491, -0.6491270661354065], [-0.5183414816856384, -0.6491270661354065, 1.0001360177993774]]}
