{"nbins": 58, "errors": [0.02983091858009379, 0.011725174730278454, 0.05114676984762179], "cov": [[0.0008899317420907611, 7.599502462977668e-06, -0.0006020290782480166], [7.599502462977668e-06, 0.00013748101912782685, -0.0004070612049559182], [-0.0006020290782480166, -0.0004070612049559182, 0.00261613575960745]], "chi2": [93.34492672625893], "means": [1.142726489697877, 1.085802038809157, 1.7240738659138324], "names": ["beta_signal", "ttjets", "wzjets"], "corr": [[1.0000540018081665, 0.021726971492171288, -0.3945777714252472], [0.021726971492171288, 1.0000094175338745, -0.6787692904472351], [-0.3945777714252472, -0.6787692904472351, 1.000054955482483]]}
