{"nbins": 29, "errors": [0.043496086329425365, 0.02517554198630889, 0.13337513688763747], "cov": [[0.0018921902367450853, 0.0004379560025973647, -0.003582807035231138], [0.0004379560025973647, 0.0006338357645099898, -0.002970907262722453], [-0.003582807035231138, -0.002970907262722453, 0.017798249403838468]], "chi2": [47.669838766179055], "means": [1.0265134227029176, 1.0811124926071822, 1.521373864222122], "names": ["beta_signal", "ttjets", "wzjets"], "corr": [[1.0001484155654907, 0.39994609355926514, -0.6175873279571533], [0.39994609355926514, 1.0000439882278442, -0.8847801685333252], [-0.6175873279571533, -0.8847801685333252, 1.0005240440368652]]}
