{"nbins": 29, "errors": [0.0331657636171121, 0.03689968788344422, 0.11820179040268464], "cov": [[0.0011000423101522794, 0.00047955148868857994, -0.0020331767896105677], [0.00047955148868857994, 0.001361736660966277, -0.004171052848668417], [-0.0020331767896105677, -0.004171052848668417, 0.013977533828061068]], "chi2": [48.92825972274932], "means": [1.1361798053532115, 1.0137775535921736, 1.5091175449964402], "names": ["beta_signal", "ttjets", "wzjets"], "corr": [[1.0000677108764648, 0.3918524384498596, -0.5186341404914856], [0.3918524384498596, 1.0001099109649658, -0.9563105702400208], [-0.5186341404914856, -0.9563105702400208, 1.0004202127456665]]}
