{"nbins": 58, "errors": [0.04586168527815482, 0.014010663821698799, 0.0943354133977059], "cov": [[0.002103669331564351, 6.160449773564728e-05, -0.002341130889691246], [6.160449773564728e-05, 0.0001963012163525329, -0.0009416292960300067], [-0.002341130889691246, -0.0009416292960300067, 0.008901912136406544]], "chi2": [65.25851996938736], "means": [0.9928293782183981, 1.1084781812760176, 1.4294813058456235], "names": ["beta_signal", "ttjets", "wzjets"], "corr": [[1.000178337097168, 0.09587462991476059, -0.5411291718482971], [0.09587462991476059, 1.0000128746032715, -0.7124370336532593], [-0.5411291718482971, -0.7124370336532593, 1.0003081560134888]]}
