{"nbins": 58, "errors": [0.039240778353746286, 0.011065404701574577, 0.05169896411411967], "cov": [[0.0015399503563680614, 3.3453137895576874e-05, -0.0011284674051467768], [3.3453137895576874e-05, 0.0001224442660428045, -0.0003850780094063791], [-0.0011284674051467768, -0.0003850780094063791, 0.0026731022648494376]], "chi2": [105.86051489626152], "means": [1.2662371599796551, 1.0618102863740582, 1.292883852397689], "names": ["beta_signal", "ttjets", "wzjets"], "corr": [[1.0000724792480469, 0.07704278081655502, -0.5562494397163391], [0.07704278081655502, 1.0000088214874268, -0.673130989074707], [-0.5562494397163391, -0.673130989074707, 1.0001194477081299]]}
