{"nbins": 58, "errors": [0.04958362749244327, 0.013922789926421819, 0.0955024837066738], "cov": [[0.002458969560864933, 5.805193263710914e-05, -0.002663853347385264], [5.805193263710914e-05, 0.00019384660324290548, -0.0009263239557467317], [-0.002663853347385264, -0.0009263239557467317, 0.00912362264430374]], "chi2": [106.54812135161242], "means": [1.066160285279254, 1.0954347513778147, 1.426058045151199], "names": ["beta_signal", "ttjets", "wzjets"], "corr": [[1.0001763105392456, 0.08409150689840317, -0.562545120716095], [0.08409150689840317, 1.000012993812561, -0.6966617107391357], [-0.562545120716095, -0.6966617107391357, 1.0003178119659424]]}
