{"nbins": 58, "errors": [0.038634736535269276, 0.011629795020274836, 0.05296911917403557], "cov": [[0.0014927511951700386, 2.4976850837408083e-05, -0.0010653319387159232], [2.4976850837408083e-05, 0.00013525343657522524, -0.0004299066481290099], [-0.0010653319387159232, -0.0004299066481290099, 0.002806087593015569]], "chi2": [178.21071362170608], "means": [1.2501985634653927, 1.068393013375308, 1.2813099521934221], "names": ["beta_signal", "ttjets", "wzjets"], "corr": [[1.0000725984573364, 0.055588845163583755, -0.5205761194229126], [0.055588845163583755, 1.0000096559524536, -0.6978777647018433], [-0.5205761194229126, -0.6978777647018433, 1.0001282691955566]]}
