{"nbins": 58, "errors": [0.028532411115926956, 0.009862618384663768, 0.0425204317094578], "cov": [[0.0008140984840882722, 1.5783516324061666e-05, -0.0004867633331690489], [1.5783516324061666e-05, 9.727124140150776e-05, -0.00030797316491890743], [-0.0004867633331690489, -0.00030797316491890743, 0.0018079871127586647]], "chi2": [120.83083377298583], "means": [0.8693174870867609, 0.9028135712714539, 1.6205583201527367], "names": ["beta_signal", "ttjets", "wzjets"], "corr": [[1.0, 0.0560884028673172, -0.4012192189693451], [0.0560884028673172, 1.0, -0.7343836426734924], [-0.4012192189693451, -0.7343836426734924, 1.0]]}
