{"nbins": 29, "errors": [0.21231359793526994, 0.06948041691802676, 4.490226744529459], "cov": [[0.045195201436160425, -0.0012949999588920968, -0.04193029625001435], [-0.0012949999588920968, 0.004829927279927856, -0.29580480344862564], [-0.04193029625001435, -0.29580480344862564, 20.17655901132894]], "chi2": [48.531908025814246], "means": [1.168545844104432, 0.9129789151596053, 12.37158021276355], "names": ["beta_signal", "ttjets", "wzjets"], "corr": [[1.002620816230774, -0.08778686076402664, -0.043982695788145065], [-0.08778686076402664, 1.0004969835281372, -0.9481444954872131], [-0.043982695788145065, -0.9481444954872131, 1.0007153749465942]]}
