{"nbins": 29, "errors": [0.12918801003167713, 0.03175394892893868, 1.1443108777057935], "cov": [[0.0166967478921654, -0.0008737758438824148, 0.005398433260248124], [-0.0008737758438824148, 0.0010083932343867975, -0.033495877447213135], [0.005398433260248124, -0.033495877447213135, 1.326719788713335]], "chi2": [35.15381875992142], "means": [1.59737293210146, 1.0251508853240026, 2.3443845531150163], "names": ["beta_signal", "ttjets", "wzjets"], "corr": [[1.000431776046753, -0.21300023794174194, 0.036517538130283356], [-0.21300023794174194, 1.0000792741775513, -0.9218273758888245], [0.036517538130283356, -0.9218273758888245, 1.0131906270980835]]}
