{"nbins": 58, "errors": [0.037976647824080834, 0.012547763154167946, 0.08161172714507692], "cov": [[0.0014423747281280665, 6.542878944689902e-05, -0.0016440571350868065], [6.542878944689902e-05, 0.0001574479704526268, -0.0007127381096749287], [-0.0016440571350868065, -0.0007127381096749287, 0.006662456155331303]], "chi2": [52.93176546035997], "means": [1.0666529266719422, 1.1107805057115745, 1.293656064415718], "names": ["beta_signal", "ttjets", "wzjets"], "corr": [[1.000103235244751, 0.1373048722743988, -0.5304539799690247], [0.1373048722743988, 1.0000102519989014, -0.6960029602050781], [-0.5304539799690247, -0.6960029602050781, 1.0002975463867188]]}
