{"nbins": 58, "errors": [0.028143119402592953, 0.011451272872147422, 0.046622818823192747], "cov": [[0.0007920693872434755, 1.212402520542608e-05, -0.0004976740521804993], [1.212402520542608e-05, 0.00013113279158038065, -0.00039269970737582853], [-0.0004976740521804993, -0.00039269970737582853, 0.0021739382155070517]], "chi2": [94.73783562845026], "means": [1.193461886192885, 1.1009296883747206, 1.206535763935865], "names": ["beta_signal", "ttjets", "wzjets"], "corr": [[1.0000431537628174, 0.0376201756298542, -0.37929248809814453], [0.0376201756298542, 1.0000087022781372, -0.7355433702468872], [-0.37929248809814453, -0.7355433702468872, 1.0001155138015747]]}
