{"nbins": 58, "errors": [0.03569619944793834, 0.01139925021295074, 0.06416274768643038], "cov": [[0.0012743275793652867, 4.134177500963784e-05, -0.0010695476433431428], [4.134177500963784e-05, 0.00012994404913116677, -0.0005199461426457458], [-0.0010695476433431428, -0.0005199461426457458, 0.004117415500920771]], "chi2": [81.65236281676442], "means": [1.0961388314687577, 1.0916004698718789, 1.4575410646521538], "names": ["beta_signal", "ttjets", "wzjets"], "corr": [[1.000085473060608, 0.10159933567047119, -0.46697670221328735], [0.10159933567047119, 1.0000088214874268, -0.7108846306800842], [-0.46697670221328735, -0.7108846306800842, 1.0001354217529297]]}
