{"nbins": 58, "errors": [0.02704451594685131, 0.00973727404016067, 0.03590626350224402], "cov": [[0.0007314348258900477, 6.949144937489064e-06, -0.0003979128962724264], [6.949144937489064e-06, 9.481514687023008e-05, -0.00023731808973022337], [-0.0003979128962724264, -0.00023731808973022337, 0.00128930642031089]], "chi2": [126.92167409465407], "means": [1.196729663352298, 1.06829292500219, 1.5475559273813717], "names": ["beta_signal", "ttjets", "wzjets"], "corr": [[1.0000395774841309, 0.0263885036110878, -0.4097685217857361], [0.0263885036110878, 1.0000067949295044, -0.6787709593772888], [-0.4097685217857361, -0.6787709593772888, 1.0000362396240234]]}
