{"nbins": 58, "errors": [0.03949805390548544, 0.01302512597313843, 0.08956329037193589], "cov": [[0.0015603056186122863, 5.309653017806284e-05, -0.0018199020058902462], [5.309653017806284e-05, 0.00016965574254105734, -0.0007523997938454601], [-0.0018199020058902462, -0.0007523997938454601, 0.008022582738439497]], "chi2": [60.4201983109964], "means": [0.9867053109851078, 1.119199039684497, 1.9227364330210297], "names": ["beta_signal", "ttjets", "wzjets"], "corr": [[1.0001342296600342, 0.10320685058832169, -0.5144489407539368], [0.10320685058832169, 1.0000108480453491, -0.6449658274650574], [-0.5144489407539368, -0.6449658274650574, 1.0001245737075806]]}
