{"nbins": 58, "errors": [0.030669554202623628, 0.011900117285386758, 0.05116339704556139], "cov": [[0.0009406745116781412, 8.640308671058359e-06, -0.0006282498450503932], [8.640308671058359e-06, 0.00014161411220219987, -0.00041234873682238304], [-0.0006282498450503932, -0.00041234873682238304, 0.0026178376816373083]], "chi2": [91.23942568824489], "means": [1.149061307924681, 1.104427935435731, 1.7214307023371496], "names": ["beta_signal", "ttjets", "wzjets"], "corr": [[1.000056266784668, 0.02367394044995308, -0.4003736972808838], [0.02367394044995308, 1.000009298324585, -0.6772578358650208], [-0.4003736972808838, -0.6772578358650208, 1.000055193901062]]}
