{"nbins": 58, "errors": [0.0345907853668439, 0.011371989596518972, 0.06158009078464244], "cov": [[0.0011966243281297066, 3.678939042800316e-05, -0.0009797590721617921], [3.678939042800316e-05, 0.00012932328382200548, -0.0004962581944433621], [-0.0009797590721617921, -0.0004962581944433621, 0.0037926213898132953]], "chi2": [79.37654154481135], "means": [1.0693597343174441, 1.0901455504000324, 1.411627144194156], "names": ["beta_signal", "ttjets", "wzjets"], "corr": [[1.0000851154327393, 0.09352456778287888, -0.45995840430259705], [0.09352456778287888, 1.0000088214874268, -0.7086485624313354], [-0.45995840430259705, -0.7086485624313354, 1.0001355409622192]]}
