{"nbins": 58, "errors": [0.026230854132528902, 0.009710863345685938, 0.03453525503053356], "cov": [[0.0006880849153458078, 4.95205295451935e-06, -0.00036614928331846246], [4.95205295451935e-06, 9.430150332942797e-05, -0.00022676701042545196], [-0.00036614928331846246, -0.00022676701042545196, 0.001192727308746239]], "chi2": [121.553315722909], "means": [1.1683365134485482, 1.0667390635427854, 1.4985988303400295], "names": ["beta_signal", "ttjets", "wzjets"], "corr": [[1.0000395774841309, 0.01944083906710148, -0.40418770909309387], [0.01944083906710148, 1.0000067949295044, -0.6761754155158997], [-0.40418770909309387, -0.6761754155158997, 1.0000364780426025]]}
