{"nbins": 58, "errors": [0.048570565783864345, 0.013332715873299844, 0.09404603648973035], "cov": [[0.0023590998605646936, 6.91286893889508e-05, -0.0026741515078037123], [6.91286893889508e-05, 0.0001777613125581416, -0.0008730422838507072], [-0.0026741515078037123, -0.0008730422838507072, 0.008844656979427693]], "chi2": [90.21430609136789], "means": [0.8970478738336463, 0.9587969685116283, 1.1493158568034754], "names": ["beta_signal", "ttjets", "wzjets"], "corr": [[1.0, 0.10674966871738434, -0.5854264497756958], [0.10674966871738434, 1.0, -0.6962675452232361], [-0.5854264497756958, -0.6962675452232361, 1.0]]}
