{"nbins": 58, "errors": [0.0398921780032384, 0.011920714189033437, 0.05534396705653816], "cov": [[0.001591385865842058, 3.258278207222669e-05, -0.0011706597893808052], [3.258278207222669e-05, 0.00014210342677662313, -0.0004622001362221657], [-0.0011706597893808052, -0.0004622001362221657, 0.003062954689555181]], "chi2": [181.00959187099016], "means": [1.2339634818696448, 1.068206551441052, 1.2682078528586005], "names": ["beta_signal", "ttjets", "wzjets"], "corr": [[1.0, 0.06851696968078613, -0.5302402377128601], [0.06851696968078613, 1.0, -0.7005796432495117], [-0.5302402377128601, -0.7005796432495117, 1.0]]}
