{"nbins": 29, "errors": [0.0317131447455258, 0.027725063113055254, 0.09198645639346499], "cov": [[0.0010057235496506707, 0.0003777784845511691, -0.001636230982081597], [0.0003777784845511691, 0.000768679124622897, -0.0024293755782420733], [-0.001636230982081597, -0.0024293755782420733, 0.008461508159826837]], "chi2": [70.37482343458504], "means": [0.9044215642262605, 1.0039270900813053, 1.310820760329017], "names": ["beta_signal", "ttjets", "wzjets"], "corr": [[1.0, 0.429660439491272, -0.560894787311554], [0.429660439491272, 1.0, -0.9525729417800903], [-0.560894787311554, -0.9525729417800903, 1.0]]}
