{"nbins": 58, "errors": [0.03781922108502589, 0.012684299128686849, 0.09051574288173447], "cov": [[0.0014304383341210629, 6.839692463372457e-05, -0.0018197628481839792], [6.839692463372457e-05, 0.00016089310756017497, -0.0008044178073796741], [-0.0018197628481839792, -0.0008044178073796741, 0.008195547452715935]], "chi2": [56.5056443940164], "means": [1.071713317967295, 1.11584590688877, 1.4010611605124228], "names": ["beta_signal", "ttjets", "wzjets"], "corr": [[1.0001013278961182, 0.14257964491844177, -0.5315915942192078], [0.14257964491844177, 1.000010371208191, -0.7006337642669678], [-0.5315915942192078, -0.7006337642669678, 1.0002987384796143]]}
