{"nbins": 58, "errors": [0.028270028397562763, 0.01160741994781267, 0.05285820121766549], "cov": [[0.0007992294183227118, 1.4056655375345482e-05, -0.0005697984203297543], [1.4056655375345482e-05, 0.00013473340816607732, -0.00045410781773013093], [-0.0005697984203297543, -0.00045410781773013093, 0.002794297992767914]], "chi2": [99.14719559017134], "means": [1.192437455661576, 1.098805293236234, 1.357159490617926], "names": ["beta_signal", "ttjets", "wzjets"], "corr": [[1.0000436305999756, 0.042837098240852356, -0.38131389021873474], [0.042837098240852356, 1.0000089406967163, -0.7401349544525146], [-0.38131389021873474, -0.7401349544525146, 1.000110387802124]]}
