{"nbins": 58, "errors": [0.039817705082897614, 0.01299075894204571, 0.08721666121973537], "cov": [[0.0015856523686991564, 5.391019796086578e-05, -0.0017913215836394027], [5.391019796086578e-05, 0.00016876162755928746, -0.000733930322552636], [-0.0017913215836394027, -0.000733930322552636, 0.007607773740101184]], "chi2": [61.642458767005195], "means": [1.0143095572910386, 1.1209777707939859, 1.8326776685388584], "names": ["beta_signal", "ttjets", "wzjets"], "corr": [[1.000127911567688, 0.10422218590974808, -0.5158196687698364], [0.10422218590974808, 1.0000107288360596, -0.6477700471878052], [-0.5158196687698364, -0.6477700471878052, 1.000135064125061]]}
