{"nbins": 58, "errors": [0.030233785358759313, 0.011802549614376101, 0.05060701703765469], "cov": [[0.000914131685565347, 7.617351176596638e-06, -0.0006048056742594192], [7.617351176596638e-06, 0.0001393014830216572, -0.00040407099149526135], [-0.0006048056742594192, -0.00040407099149526135, 0.0025612105403486837]], "chi2": [93.22933382985728], "means": [1.1500221213206179, 1.0946437359364007, 1.7120900177193659], "names": ["beta_signal", "ttjets", "wzjets"], "corr": [[1.0000545978546143, 0.021346939727663994, -0.39528706669807434], [0.021346939727663994, 1.0000094175338745, -0.6765051484107971], [-0.39528706669807434, -0.6765051484107971, 1.0000548362731934]]}
